Common Name,Scientific Name
Rufous-faced Warbler,Abroscopus albogularis
Black-faced Warbler,Abroscopus schisticeps
Yellow-bellied Warbler,Abroscopus superciliaris
Wattled Guan,Aburria aburri
Spiny-cheeked Honeyeater,Acanthagenys rufogularis
Peg-billed Finch,Acanthidops bairdi
Lesser Redpoll,Acanthis cabaret
Common Redpoll,Acanthis flammea
Hoary Redpoll,Acanthis hornemanni
Rifleman,Acanthisitta chloris
Inland Thornbill,Acanthiza apicalis
Yellow-rumped Thornbill,Acanthiza chrysorrhoa
Tasmanian Thornbill,Acanthiza ewingii
Western Thornbill,Acanthiza inornata
Striated Thornbill,Acanthiza lineata
Yellow Thornbill,Acanthiza nana
Brown Thornbill,Acanthiza pusilla
Buff-rumped Thornbill,Acanthiza reguloides
Chestnut-rumped Thornbill,Acanthiza uropygialis
Western Spinebill,Acanthorhynchus superciliosus
Eastern Spinebill,Acanthorhynchus tenuirostris
Shikra,Accipiter badius
Bicolored Hawk,Accipiter bicolor
Collared Sparrowhawk,Accipiter cirrocephalus
Cooper's Hawk,Accipiter cooperii
Brown Goshawk,Accipiter fasciatus
Northern Goshawk,Accipiter gentilis
Japanese Sparrowhawk,Accipiter gularis
Variable Goshawk,Accipiter hiogaster
Black Goshawk,Accipiter melanoleucus
Little Sparrowhawk,Accipiter minullus
Eurasian Sparrowhawk,Accipiter nisus
Gray Goshawk,Accipiter novaehollandiae
Gray-bellied Hawk,Accipiter poliogaster
Chinese Sparrowhawk,Accipiter soloensis
Sharp-shinned Hawk,Accipiter striatus
Tiny Hawk,Accipiter superciliosus
African Goshawk,Accipiter tachiro
Spot-tailed Goshawk,Accipiter trinotatus
Crested Goshawk,Accipiter trivirgatus
Besra,Accipiter virgatus
Rufous-necked Hornbill,Aceros nipalensis
Rockrunner,Achaetops pycnopygius
Vinous-breasted Starling,Acridotheres burmannicus
Crested Myna,Acridotheres cristatellus
Jungle Myna,Acridotheres fuscus
Bank Myna,Acridotheres ginginianus
Great Myna,Acridotheres grandis
Javan Myna,Acridotheres javanicus
Common Myna,Acridotheres tristis
Northern Cricket Frog,Acris crepitans
Southern Cricket Frog,Acris gryllus
Pink-legged Graveteiro,Acrobatornis fonsecai
Paddyfield Warbler,Acrocephalus agricola
Great Reed Warbler,Acrocephalus arundinaceus
Australian Reed Warbler,Acrocephalus australis
African Reed Warbler,Acrocephalus baeticatus
Black-browed Reed Warbler,Acrocephalus bistrigiceps
Blunt-winged Warbler,Acrocephalus concinens
Blyth's Reed Warbler,Acrocephalus dumetorum
Lesser Swamp Warbler,Acrocephalus gracilirostris
Basra Reed Warbler,Acrocephalus griseldis
Moustached Warbler,Acrocephalus melanopogon
Madagascar Swamp Warbler,Acrocephalus newtoni
Oriental Reed Warbler,Acrocephalus orientalis
Aquatic Warbler,Acrocephalus paludicola
Marsh Warbler,Acrocephalus palustris
Greater Swamp Warbler,Acrocephalus rufescens
Sedge Warbler,Acrocephalus schoenobaenus
Eurasian Reed Warbler,Acrocephalus scirpaceus
Clamorous Reed Warbler,Acrocephalus stentoreus
Manchurian Reed Warbler,Acrocephalus tangorum
Ocellated Tapaculo,Acropternis orthonyx
Rufous-collared Kingfisher,Actenoides concretus
Spotted Kingfisher,Actenoides lindsayi
Green-backed Kingfisher,Actenoides monachus
Blue-winged Minla,Actinodura cyanouroptera
Rusty-fronted Barwing,Actinodura egertoni
Hoary-throated Barwing,Actinodura nipalensis
Spectacled Barwing,Actinodura ramsayi
Chestnut-tailed Minla,Actinodura strigula
Streak-throated Barwing,Actinodura waldeni
Common Sandpiper,Actitis hypoleucos
Spotted Sandpiper,Actitis macularius
African Jacana,Actophilornis africanus
Speckled Hummingbird,Adelomyia melanogenys
Clark's Grebe,Aechmophorus clarkii
Western Grebe,Aechmophorus occidentalis
Long-tailed Tit,Aegithalos caudatus
Black-throated Tit,Aegithalos concinnus
Silver-throated Tit,Aegithalos glaucogularis
Black-browed Tit,Aegithalos iouschistos
White-throated Tit,Aegithalos niveogularis
White-tailed Iora,Aegithina nigrolutea
Common Iora,Aegithina tiphia
Green Iora,Aegithina viridissima
Northern Saw-whet Owl,Aegolius acadicus
Boreal Owl,Aegolius funereus
Buff-fronted Owl,Aegolius harrisii
Unspotted Saw-whet Owl,Aegolius ridgwayi
Australian Owlet-nightjar,Aegotheles cristatus
Cinereous Vulture,Aegypius monachus
Mariana Swiftlet,Aerodramus bartschi
White-nest Swiftlet,Aerodramus fuciphagus
Black-nest Swiftlet,Aerodramus maximus
Andean Swift,Aeronautes andecolus
White-tipped Swift,Aeronautes montivagus
White-throated Swift,Aeronautes saxatalis
Least Auklet,Aethia pusilla
Whiskered Auklet,Aethia pygmaea
Fork-tailed Sunbird,Aethopyga christinae
Mrs. Gould's Sunbird,Aethopyga gouldiae
Fire-tailed Sunbird,Aethopyga ignicauda
Green-tailed Sunbird,Aethopyga nipalensis
Black-throated Sunbird,Aethopyga saturata
Crimson Sunbird,Aethopyga siparaja
Temminck's Sunbird,Aethopyga temminckii
Vigors's Sunbird,Aethopyga vigorsii
Gray-headed Lovebird,Agapornis canus
Fischer's Lovebird,Agapornis fischeri
Yellow-collared Lovebird,Agapornis personatus
Rosy-faced Lovebird,Agapornis roseicollis
Black-winged Lovebird,Agapornis taranta
Grayish Baywing,Agelaioides badius
Red-winged Blackbird,Agelaius phoeniceus
Tricolored Blackbird,Agelaius tricolor
Unicolored Blackbird,Agelasticus cyanopus
Yellow-winged Blackbird,Agelasticus thilius
Pale-eyed Blackbird,Agelasticus xanthophthalmus
Violet-tailed Sylph,Aglaiocercus coelestis
Long-tailed Sylph,Aglaiocercus kingii
Black-billed Shrike-Tyrant,Agriornis montanus
Chestnut-cheeked Starling,Agropsar philippensis
Daurian Starling,Agropsar sturninus
Green Catbird,Ailuroedus crassirostris
Spotted Catbird,Ailuroedus maculosus
Oaxaca Sparrow,Aimophila notosticta
Rusty Sparrow,Aimophila rufescens
Rufous-crowned Sparrow,Aimophila ruficeps
Mandarin Duck,Aix galericulata
Wood Duck,Aix sponsa
Goeldi's Antbird,Akletos goeldii
White-shouldered Antbird,Akletos melanoceps
Greater Hoopoe-Lark,Alaemon alaudipes
Eurasian Skylark,Alauda arvensis
Oriental Skylark,Alauda gulgula
Asian Short-toed Lark,Alaudala cheleensis
Turkestan Short-toed Lark,Alaudala heinei
Sand Lark,Alaudala raytal
Mediterranean Short-toed Lark,Alaudala rufescens
Somali Short-toed Lark,Alaudala somalica
Razorbill,Alca torda
Common Kingfisher,Alcedo atthis
Blue-eared Kingfisher,Alcedo meninting
Brown Fulvetta,Alcippe brunneicauda
Yunnan Fulvetta,Alcippe fratercula
Huet's Fulvetta,Alcippe hueti
Morrison's Fulvetta,Alcippe morrisonia
Nepal Fulvetta,Alcippe nipalensis
Mountain Fulvetta,Alcippe peracensis
Brown-cheeked Fulvetta,Alcippe poioicephala
Javan Fulvetta,Alcippe pyrrhoptera
Rufous-naped Bellbird,Aleadryas rufinucha
Barbary Partridge,Alectoris barbara
Chukar,Alectoris chukar
Rock Partridge,Alectoris graeca
Red-legged Partridge,Alectoris rufa
Australian Brushturkey,Alectura lathami
Fire-crested Alethe,Alethe castanea
White-tailed Alethe,Alethe diademata
Yellow-faced Parrot,Alipiopsitta xanthops
Australian King-Parrot,Alisterus scapularis
Scaly-breasted Thrasher,Allenia fusca
Allard's Ground Cricket,Allonemobius allardi
Tinkling Ground Cricket,Allonemobius tinnulus
Walker's Ground Cricket,Allonemobius walkeri
Finsch's Bulbul,Alophoixus finschii
White-throated Bulbul,Alophoixus flaveolus
Ochraceous Bulbul,Alophoixus ochraceus
Puff-throated Bulbul,Alophoixus pallidus
Yellow-bellied Bulbul,Alophoixus phaeocephalus
Gray-cheeked Bulbul,Alophoixus tephrogenys
Tawny-headed Swallow,Alopochelidon fucata
Egyptian Goose,Alopochen aegyptiaca
Mexican Black Howler Monkey,Alouatta pigra
Lesser Ground-Robin,Amalocichla incerta
Red Avadavat,Amandava amandava
Uniform Crake,Amaurolimnas concolor
Isabelline Bush-hen,Amaurornis isabellina
Pale-vented Bush-hen,Amaurornis moluccana
White-breasted Waterhen,Amaurornis phoenicurus
Blue Seedeater,Amaurospiza concolor
Blackish-blue Seedeater,Amaurospiza moesta
Honduran Emerald,Amazilia luciae
Cinnamon Hummingbird,Amazilia rutila
Rufous-tailed Hummingbird,Amazilia tzacatl
Buff-bellied Hummingbird,Amazilia yucatanensis
Amazilia Hummingbird,Amazilis amazilia
Turquoise-fronted Parrot,Amazona aestiva
Black-billed Parrot,Amazona agilis
White-fronted Parrot,Amazona albifrons
Orange-winged Parrot,Amazona amazonica
Yellow-naped Parrot,Amazona auropalliata
Red-lored Parrot,Amazona autumnalis
Red-tailed Parrot,Amazona brasiliensis
Blue-cheeked Parrot,Amazona dufresniana
Mealy Parrot,Amazona farinosa
Festive Parrot,Amazona festiva
Lilac-crowned Parrot,Amazona finschi
Kawall's Parrot,Amazona kawalli
Cuban Parrot,Amazona leucocephala
Scaly-naped Parrot,Amazona mercenarius
Yellow-crowned Parrot,Amazona ochrocephala
Yellow-headed Parrot,Amazona oratrix
Red-browed Parrot,Amazona rhodocorytha
Tucuman Parrot,Amazona tucumana
Hispaniolan Parrot,Amazona ventralis
Vinaceous-breasted Parrot,Amazona vinacea
Red-crowned Parrot,Amazona viridigenalis
Yellow-lored Parrot,Amazona xantholora
Brazilian Teal,Amazonetta brasiliensis
Yellow-billed Cacique,Amblycercus holosericeus
Clicker Round-winged Katydid,Amblycorypha alexanderi
Common Virtuoso Katydid,Amblycorypha longinicta
Oblong-winged Katydid,Amblycorypha oblongifolia
Rattler Round-winged Katydid,Amblycorypha rotundifolia
Golden Bowerbird,Amblyornis newtoniana
Grosbeak Weaver,Amblyospiza albifrons
Scarlet-headed Blackbird,Amblyramphus holosericeus
Yellow-browed Sparrow,Ammodramus aurifrons
Grassland Sparrow,Ammodramus humeralis
Grasshopper Sparrow,Ammodramus savannarum
Bar-tailed Lark,Ammomanes cinctura
Desert Lark,Ammomanes deserti
Rufous-tailed Lark,Ammomanes phoenicura
Gray-bellied Antbird,Ammonastes pelzelni
Saltmarsh Sparrow,Ammospiza caudacuta
LeConte's Sparrow,Ammospiza leconteii
Seaside Sparrow,Ammospiza maritima
Nelson's Sparrow,Ammospiza nelsoni
Scaled Fruiteater,Ampelioides tschudii
Red-crested Cotinga,Ampelion rubrocristatus
Chestnut-crested Cotinga,Ampelion rufaxilla
Gray-headed Antbird,Ampelornis griseiceps
Black-throated Sparrow,Amphispiza bilineata
Five-striped Sparrow,Amphispizopsis quinquestriata
White-browed Foliage-gleaner,Anabacerthia amaurotis
Ochre-breasted Foliage-gleaner,Anabacerthia lichtensteini
Rufous-tailed Foliage-gleaner,Anabacerthia ruficaudata
Montane Foliage-gleaner,Anabacerthia striaticollis
Scaly-throated Foliage-gleaner,Anabacerthia variegaticeps
Dusky-cheeked Foliage-gleaner,Anabazenops dorsalis
White-collared Foliage-gleaner,Anabazenops fuscus
Ash-breasted Tit-Tyrant,Anairetes alpinus
Yellow-billed Tit-Tyrant,Anairetes flavirostris
Black-crested Tit-Tyrant,Anairetes nigrocristatus
Tufted Tit-Tyrant,Anairetes parulus
Pied-crested Tit-Tyrant,Anairetes reguloides
Northern Pintail,Anas acuta
Andean Teal,Anas andium
Chestnut Teal,Anas castanea
Green-winged Teal,Anas crecca
Mexican Duck,Anas diazi
Yellow-billed Teal,Anas flavirostris
Mottled Duck,Anas fulvigula
Yellow-billed Pintail,Anas georgica
Gray Teal,Anas gracilis
Mallard,Anas platyrhynchos
Indian Spot-billed Duck,Anas poecilorhyncha
American Black Duck,Anas rubripes
Pacific Black Duck,Anas superciliosa
Yellow-billed Duck,Anas undulata
Hawaiian Duck,Anas wyvilliana
Eastern Spot-billed Duck,Anas zonorhyncha
Asian Openbill,Anastomus oscitans
Say's Trig,Anaxipha exigua
American Toad,Anaxyrus americanus
Yosemite Toad,Anaxyrus canorus
Great Plains Toad,Anaxyrus cognatus
Fowler's Toad,Anaxyrus fowleri
Houston Toad,Anaxyrus houstonensis
Arizona Toad,Anaxyrus microscaphus
Oak Toad,Anaxyrus quercicus
Texas Toad,Anaxyrus speciosus
Southern Toad,Anaxyrus terrestris
Woodhouse's Toad,Anaxyrus woodhousii
Chestnut-winged Hookbill,Ancistrops strigilatus
Gray-breasted Mountain-Toucan,Andigena hypoglauca
Plate-billed Mountain-Toucan,Andigena laminirostris
Black-billed Mountain-Toucan,Andigena nigrirostris
Tooth-billed Hummingbird,Androdon aequatorialis
Sombre Greenbul,Andropadus importunus
Horned Screamer,Anhima cornuta
Anhinga,Anhinga anhinga
Oriental Darter,Anhinga melanogaster
Australasian Darter,Anhinga novaehollandiae
Scarlet-bellied Mountain Tanager,Anisognathus igniventris
Lacrimose Mountain Tanager,Anisognathus lacrymosus
Blue-winged Mountain Tanager,Anisognathus somptuosus
Hyacinth Macaw,Anodorhynchus hyacinthinus
Indigo Macaw,Anodorhynchus leari
Bushy-crested Hornbill,Anorrhinus galeritus
Blue-gray Noddy,Anous ceruleus
Black Noddy,Anous minutus
Brown Noddy,Anous stolidus
Lesser Noddy,Anous tenuirostris
Greater White-fronted Goose,Anser albifrons
Graylag Goose,Anser anser
Pink-footed Goose,Anser brachyrhynchus
Snow Goose,Anser caerulescens
Emperor Goose,Anser canagicus
Swan Goose,Anser cygnoides
Lesser White-fronted Goose,Anser erythropus
Taiga Bean-Goose,Anser fabalis
Bar-headed Goose,Anser indicus
Ross's Goose,Anser rossii
Tundra Bean-Goose,Anser serrirostris
Magpie Goose,Anseranas semipalmata
White-gorgeted Flycatcher,Anthipes monileger
Rufous-browed Flycatcher,Anthipes solitaris
Orange-breasted Sunbird,Anthobaphes violacea
Red Wattlebird,Anthochaera carunculata
Little Wattlebird,Anthochaera chrysoptera
Western Wattlebird,Anthochaera lunulata
Yellow Wattlebird,Anthochaera paradoxa
Regent Honeyeater,Anthochaera phrygia
New Zealand Bellbird,Anthornis melanura
Southern Penduline-Tit,Anthoscopus minutus
Mouse-colored Penduline-Tit,Anthoscopus musculus
Oriental Pied-Hornbill,Anthracoceros albirostris
Malabar Pied-Hornbill,Anthracoceros coronatus
Black Hornbill,Anthracoceros malayanus
Black-throated Mango,Anthracothorax nigricollis
Brown-throated Sunbird,Anthreptes malacensis
Eastern Violet-backed Sunbird,Anthreptes orientalis
Blue Crane,Anthropoides paradiseus
Demoiselle Crane,Anthropoides virgo
Berthelot's Pipit,Anthus berthelotii
Paramo Pipit,Anthus bogotensis
Tawny Pipit,Anthus campestris
Red-throated Pipit,Anthus cervinus
Pampas Pipit,Anthus chacoensis
African Pipit,Anthus cinnamomeus
Correndera Pipit,Anthus correndera
Yellow-tufted Pipit,Anthus crenatus
Short-billed Pipit,Anthus furcatus
Blyth's Pipit,Anthus godlewskii
Pechora Pipit,Anthus gustavi
Hellmayr's Pipit,Anthus hellmayri
Olive-backed Pipit,Anthus hodgsoni
Plain-backed Pipit,Anthus leucophrys
Striped Pipit,Anthus lineiventris
Yellowish Pipit,Anthus lutescens
Ochre-breasted Pipit,Anthus nattereri
Australasian Pipit,Anthus novaeseelandiae
Peruvian Pipit,Anthus peruvianus
Rock Pipit,Anthus petrosus
Meadow Pipit,Anthus pratensis
Richard's Pipit,Anthus richardi
Rosy Pipit,Anthus roseatus
American Pipit,Anthus rubescens
Paddyfield Pipit,Anthus rufulus
Long-billed Pipit,Anthus similis
Water Pipit,Anthus spinoletta
Sprague's Pipit,Anthus spragueii
Upland Pipit,Anthus sylvanus
Tree Pipit,Anthus trivialis
Sarus Crane,Antigone antigone
Sandhill Crane,Antigone canadensis
Brolga,Antigone rubicunda
White-naped Crane,Antigone vipio
Araripe Manakin,Antilophia bokermanni
Helmeted Manakin,Antilophia galeata
Mexican Whip-poor-will,Antrostomus arizonae
Yucatan Nightjar,Antrostomus badius
Chuck-will's-widow,Antrostomus carolinensis
Puerto Rican Nightjar,Antrostomus noctitherus
Buff-collared Nightjar,Antrostomus ridgwayi
Rufous Nightjar,Antrostomus rufus
Tawny-collared Nightjar,Antrostomus salvini
Dusky Nightjar,Antrostomus saturatus
Silky-tailed Nightjar,Antrostomus sericocaudatus
Eastern Whip-poor-will,Antrostomus vociferus
Firewood-gatherer,Anumbius annumbi
Chestnut-headed Crake,Anurolimnas castaneiceps
Black-banded Crake,Anurolimnas fasciatus
Russet-crowned Crake,Anurolimnas viridis
Brown-headed Apalis,Apalis alticola
Chapin's Apalis,Apalis chapini
Gray Apalis,Apalis cinerea
Yellow-breasted Apalis,Apalis flavida
Black-throated Apalis,Apalis jacksoni
Black-headed Apalis,Apalis melanocephala
Black-faced Apalis,Apalis personata
Chestnut-throated Apalis,Apalis porphyrolaema
Rudd's Apalis,Apalis ruddi
Buff-throated Apalis,Apalis rufogularis
Sharpe's Apalis,Apalis sharpii
Bar-throated Apalis,Apalis thoracica
Narina Trogon,Apaloderma narina
Bar-tailed Trogon,Apaloderma vittatum
Black-billed Flycatcher,Aphanotriccus audax
Tawny-chested Flycatcher,Aphanotriccus capitalis
Southern Whiteface,Aphelocephala leucopsis
California Scrub-Jay,Aphelocoma californica
Florida Scrub-Jay,Aphelocoma coerulescens
Transvolcanic Jay,Aphelocoma ultramarina
Unicolored Jay,Aphelocoma unicolor
Mexican Jay,Aphelocoma wollweberi
Woodhouse's Scrub-Jay,Aphelocoma woodhouseii
Thorn-tailed Rayadito,Aphrastura spinicauda
Honey Bee,Apis mellifera
Samoan Starling,Aplonis atrifusca
Brown-winged Starling,Aplonis grandis
Metallic Starling,Aplonis metallica
Moluccan Starling,Aplonis mysolensis
Micronesian Starling,Aplonis opaca
Asian Glossy Starling,Aplonis panayensis
Polynesian Starling,Aplonis tabuensis
Red-winged Parrot,Aprosmictus erythropterus
King Penguin,Aptenodytes patagonicus
North Island Brown Kiwi,Apteryx mantelli
Little Swift,Apus affinis
Common Swift,Apus apus
White-rumped Swift,Apus caffer
Alpine Swift,Apus melba
House Swift,Apus nipalensis
Pacific Swift,Apus pacificus
Pallid Swift,Apus pallidus
Plain Swift,Apus unicolor
Spanish Eagle,Aquila adalberti
Golden Eagle,Aquila chrysaetos
Imperial Eagle,Aquila heliaca
Steppe Eagle,Aquila nipalensis
Great Green Macaw,Ara ambiguus
Blue-and-yellow Macaw,Ara ararauna
Red-and-green Macaw,Ara chloropterus
Blue-throated Macaw,Ara glaucogularis
Scarlet Macaw,Ara macao
Military Macaw,Ara militaris
Chestnut-fronted Macaw,Ara severus
Yellow-eared Spiderhunter,Arachnothera chrysogenys
Thick-billed Spiderhunter,Arachnothera crassirostris
Spectacled Spiderhunter,Arachnothera flavigaster
Little Spiderhunter,Arachnothera longirostra
Streaked Spiderhunter,Arachnothera magna
Russet-naped Wood-Rail,Aramides albiventris
Rufous-necked Wood-Rail,Aramides axillaris
Gray-cowled Wood-Rail,Aramides cajaneus
Slaty-breasted Wood-Rail,Aramides saracura
Brown Wood-Rail,Aramides wolfi
Giant Wood-Rail,Aramides ypecaha
Limpkin,Aramus guarauna
Golden-capped Parakeet,Aratinga auricapillus
Jandaya Parakeet,Aratinga jandaya
Nanday Parakeet,Aratinga nenday
Dusky-headed Parakeet,Aratinga weddellii
White-cheeked Partridge,Arborophila atrogularis
Bar-backed Partridge,Arborophila brunneopectus
Taiwan Partridge,Arborophila crudigularis
Red-breasted Partridge,Arborophila hyperythra
Chestnut-bellied Partridge,Arborophila javanica
Chestnut-breasted Partridge,Arborophila mandellii
Rufous-throated Partridge,Arborophila rufogularis
Hill Partridge,Arborophila torqueola
Black-chinned Hummingbird,Archilochus alexandri
Ruby-throated Hummingbird,Archilochus colubris
Great Egret,Ardea alba
Gray Heron,Ardea cinerea
Cocoi Heron,Ardea cocoi
Great Blue Heron,Ardea herodias
Intermediate Egret,Ardea intermedia
Black-headed Heron,Ardea melanocephala
Purple Heron,Ardea purpurea
Great-billed Heron,Ardea sumatrana
Buller's Shearwater,Ardenna bulleri
Flesh-footed Shearwater,Ardenna carneipes
Pink-footed Shearwater,Ardenna creatopus
Sooty Shearwater,Ardenna grisea
Wedge-tailed Shearwater,Ardenna pacifica
Short-tailed Shearwater,Ardenna tenuirostris
Chinese Pond-Heron,Ardeola bacchus
Indian Pond-Heron,Ardeola grayii
Squacco Heron,Ardeola ralloides
Javan Pond-Heron,Ardeola speciosa
Ruddy Turnstone,Arenaria interpres
Black Turnstone,Arenaria melanocephala
Great Argus,Argusianus argus
Yellow-billed Babbler,Argya affinis
Common Babbler,Argya caudata
Striated Babbler,Argya earlei
Large Gray Babbler,Argya malcolmi
Jungle Babbler,Argya striata
Rufous Babbler,Argya subrufa
Shelley's Greenbul,Arizelocichla masukuensis
Stripe-cheeked Greenbul,Arizelocichla milanjensis
Eastern Mountain Greenbul,Arizelocichla nigriceps
Black-capped Sparrow,Arremon abeillei
Gray-browed Brushfinch,Arremon assimilis
Black-headed Brushfinch,Arremon atricapillus
Orange-billed Sparrow,Arremon aurantiirostris
Sierra Nevada Brushfinch,Arremon basilicus
Chestnut-capped Brushfinch,Arremon brunneinucha
Olive Finch,Arremon castaneiceps
Costa Rican Brushfinch,Arremon costaricensis
Sooty-faced Finch,Arremon crassirostris
Saffron-billed Sparrow,Arremon flavirostris
Sao Francisco Sparrow,Arremon franciscanus
Perija Brushfinch,Arremon perijanus
Golden-winged Sparrow,Arremon schlegeli
Half-collared Sparrow,Arremon semitorquatus
Pectoral Sparrow,Arremon taciturnus
White-browed Brushfinch,Arremon torquatus
Green-striped Brushfinch,Arremon virenticeps
Green-backed Sparrow,Arremonops chloronotus
Black-striped Sparrow,Arremonops conirostris
Olive Sparrow,Arremonops rufivirgatus
Tocuyo Sparrow,Arremonops tocuyensis
Frilled Monarch,Arses telescopthalmus
Black-faced Woodswallow,Artamus cinereus
Dusky Woodswallow,Artamus cyanopterus
Ashy Woodswallow,Artamus fuscus
White-breasted Woodswallow,Artamus leucorynchus
Masked Woodswallow,Artamus personatus
White-browed Woodswallow,Artamus superciliosus
Bell's Sparrow,Artemisiospiza belli
Sagebrush Sparrow,Artemisiospiza nevadensis
African Tailorbird,Artisornis metopias
Long-billed Tailorbird,Artisornis moreaui
Thick-billed Warbler,Arundinax aedon
White-headed Marsh Tyrant,Arundinicola leucocephala
Sooty Grassquit,Asemospiza fuliginosa
Dull-colored Grassquit,Asemospiza obscura
Striped Owl,Asio clamator
Short-eared Owl,Asio flammeus
Jamaican Owl,Asio grammicus
Long-eared Owl,Asio otus
Stygian Owl,Asio stygius
Blue-throated Motmot,Aspatha gularis
Austral Canastero,Asthenes anthoides
Short-billed Canastero,Asthenes baeri
Ochre-browed Thistletail,Asthenes coryi
Creamy-breasted Canastero,Asthenes dorbignyi
Many-striped Canastero,Asthenes flammulata
White-chinned Thistletail,Asthenes fuliginosa
Mouse-colored Thistletail,Asthenes griseomurina
Black-throated Thistletail,Asthenes harterti
Puna Thistletail,Asthenes helleri
Maquis Canastero,Asthenes heterura
Hudson's Canastero,Asthenes hudsoni
Streak-throated Canastero,Asthenes humilis
Scribble-tailed Canastero,Asthenes maculicauda
Cordilleran Canastero,Asthenes modesta
Itatiaia Spinetail,Asthenes moreirae
Rusty-fronted Canastero,Asthenes ottonis
Eye-ringed Thistletail,Asthenes palpebralis
Perija Thistletail,Asthenes perijana
Canyon Canastero,Asthenes pudibunda
Sharp-billed Canastero,Asthenes pyrrholeuca
Puna Canastero,Asthenes sclateri
Line-fronted Canastero,Asthenes urubambensis
Junin Canastero,Asthenes virgata
Streak-backed Canastero,Asthenes wyatti
Pale-eyed Pygmy-Tyrant,Atalotriccus pilaris
Rufous-headed Ground-Roller,Atelornis crossleyi
Pitta-like Ground-Roller,Atelornis pittoides
Forest Owlet,Athene blewitti
Spotted Owlet,Athene brama
Burrowing Owl,Athene cunicularia
Little Owl,Athene noctua
White-browed Owl,Athene superciliaris
Yellow-throated Greenbul,Atimastillas flavicollis
Protean Shieldback,Atlanticus testaceus
White-naped Brushfinch,Atlapetes albinucha
Moustached Brushfinch,Atlapetes albofrenatus
Yellow-striped Brushfinch,Atlapetes citrinellus
Yellow-headed Brushfinch,Atlapetes flaviceps
Fulvous-headed Brushfinch,Atlapetes fulviceps
Dusky-headed Brushfinch,Atlapetes fuscoolivaceus
Yellow-breasted Brushfinch,Atlapetes latinuchus
White-rimmed Brushfinch,Atlapetes leucopis
White-winged Brushfinch,Atlapetes leucopterus
Santa Marta Brushfinch,Atlapetes melanocephalus
Black-faced Brushfinch,Atlapetes melanolaemus
Pale-headed Brushfinch,Atlapetes pallidiceps
Pale-naped Brushfinch,Atlapetes pallidinucha
Tepui Brushfinch,Atlapetes personatus
Rufous-capped Brushfinch,Atlapetes pileatus
Rufous-eared Brushfinch,Atlapetes rufigenis
Bolivian Brushfinch,Atlapetes rufinucha
Slaty Brushfinch,Atlapetes schistaceus
Ochre-breasted Brushfinch,Atlapetes semirufus
Yellow-thighed Brushfinch,Atlapetes tibialis
Tricolored Brushfinch,Atlapetes tricolor
Noisy Scrub-bird,Atrichornis clamosus
Rufous Scrub-bird,Atrichornis rufescens
Rufous-bellied Seedsnipe,Attagis gayi
White-banded Swallow,Atticora fasciata
Black-capped Swallow,Atticora pileata
White-thighed Swallow,Atticora tibialis
Dull-capped Attila,Attila bolivianus
Cinnamon Attila,Attila cinnamomeus
Citron-bellied Attila,Attila citriniventris
Rufous-tailed Attila,Attila phoenicurus
Gray-hooded Attila,Attila rufus
Bright-rumped Attila,Attila spadiceus
Ochraceous Attila,Attila torridus
Hooded Visorbearer,Augastes lumachella
Hyacinth Visorbearer,Augastes scutatus
Southern Emerald-Toucanet,Aulacorhynchus albivitta
Blue-banded Toucanet,Aulacorhynchus coeruleicinctis
Chestnut-tipped Toucanet,Aulacorhynchus derbianus
Crimson-rumped Toucanet,Aulacorhynchus haematopygus
Northern Emerald-Toucanet,Aulacorhynchus prasinus
Groove-billed Toucanet,Aulacorhynchus sulcatus
Verdin,Auriparus flaviceps
Chiriqui Foliage-gleaner,Automolus exsertus
Olive-backed Foliage-gleaner,Automolus infuscatus
White-eyed Foliage-gleaner,Automolus leucophthalmus
Brown-rumped Foliage-gleaner,Automolus melanopezus
Buff-throated Foliage-gleaner,Automolus ochrolaemus
Para Foliage-gleaner,Automolus paraensis
Chestnut-crowned Foliage-gleaner,Automolus rufipileatus
Striped Woodhaunter,Automolus subulatus
Jerdon's Baza,Aviceda jerdoni
Black Baza,Aviceda leuphotes
Pacific Baza,Aviceda subcristata
Lesser Scaup,Aythya affinis
Redhead,Aythya americana
Ring-necked Duck,Aythya collaris
Common Pochard,Aythya ferina
Tufted Duck,Aythya fuligula
Greater Scaup,Aythya marila
Ferruginous Duck,Aythya nyroca
Canvasback,Aythya valisineria
Black-crested Titmouse,Baeolophus atricristatus
Tufted Titmouse,Baeolophus bicolor
Oak Titmouse,Baeolophus inornatus
Juniper Titmouse,Baeolophus ridgwayi
Bridled Titmouse,Baeolophus wollweberi
Honeyguide Greenbul,Baeopogon indicator
Gray Crowned-Crane,Balearica regulorum
Mountain Bamboo-Partridge,Bambusicola fytchii
Taiwan Bamboo-Partridge,Bambusicola sonorivox
Chinese Bamboo-Partridge,Bambusicola thoracicus
Gold-ringed Tanager,Bangsia aureocincta
Moss-backed Tanager,Bangsia edwardsi
Black-and-gold Tanager,Bangsia melanochlamys
Australian Ringneck,Barnardius zonarius
Upland Sandpiper,Bartramia longicauda
Rufous Motmot,Baryphthengus martii
Rufous-capped Motmot,Baryphthengus ruficapillus
Golden-browed Warbler,Basileuterus belli
Golden-crowned Warbler,Basileuterus culicivorus
Chestnut-capped Warbler,Basileuterus delattrii
Fan-tailed Warbler,Basileuterus lachrymosus
Black-cheeked Warbler,Basileuterus melanogenys
Costa Rican Warbler,Basileuterus melanotis
Rufous-capped Warbler,Basileuterus rufifrons
Three-banded Warbler,Basileuterus trifasciatus
Three-striped Warbler,Basileuterus tristriatus
White-eared Hummingbird,Basilinna leucotis
Giant Antshrike,Batara cinerea
Black-faced Rufous-Warbler,Bathmocercus rufus
Cape Batis,Batis capensis
Western Black-headed Batis,Batis erlangeri
Short-tailed Batis,Batis mixta
Chinspot Batis,Batis molitor
Gray-headed Batis,Batis orientalis
Pygmy Batis,Batis perkeo
Pririt Batis,Batis pririt
Pale Batis,Batis soror
Blyth's Frogmouth,Batrachostomus affinis
Large Frogmouth,Batrachostomus auritus
Sunda Frogmouth,Batrachostomus cornutus
Hodgson's Frogmouth,Batrachostomus hodgsoni
Sri Lanka Frogmouth,Batrachostomus moniliger
Philippine Frogmouth,Batrachostomus septimus
Gould's Frogmouth,Batrachostomus stellatus
White-crowned Hornbill,Berenicornis comatus
Point-tailed Palmcreeper,Berlepschia rikeri
Long-billed Bernieria,Bernieria madagascariensis
Black-and-white Shrike-flycatcher,Bias musicus
White-bearded Antshrike,Biatas nigropectus
Musk Duck,Biziura lobata
Gray-headed Bristlebill,Bleda canicapillus
Lesser Bristlebill,Bleda notatus
Red-tailed Bristlebill,Bleda syndactylus
Bay Woodpecker,Blythipicus pyrrhotis
Maroon Woodpecker,Blythipicus rubiginosus
Buff-tailed Coronet,Boissonneaua flavescens
Velvet-purple Coronet,Boissonneaua jardini
Chestnut-breasted Coronet,Boissonneaua matthewsii
Guaiabero,Bolbopsittacus lunulatus
Barred Parakeet,Bolborhynchus lineola
Andean Parakeet,Bolborhynchus orbygnesius
Bridled Honeyeater,Bolemoreus frenatus
Cedar Waxwing,Bombycilla cedrorum
Bohemian Waxwing,Bombycilla garrulus
Japanese Waxwing,Bombycilla japonica
Ruffed Grouse,Bonasa umbellus
Wattled Ibis,Bostrychia carunculata
Hadada Ibis,Bostrychia hagedash
American Bittern,Botaurus lentiginosus
Great Bittern,Botaurus stellaris
White-throated Jacamar,Brachygalba albogularis
Brown Jacamar,Brachygalba lugubris
Puff-backed Bulbul,Brachypodius eutilotus
Black-headed Bulbul,Brachypodius melanocephalos
Black-and-white Bulbul,Brachypodius melanoleucos
Gray-headed Bulbul,Brachypodius priocephalus
Yellow-wattled Bulbul,Brachypodius urostictus
Himalayan Shortwing,Brachypteryx cruralis
Taiwan Shortwing,Brachypteryx goodfellowi
Rusty-bellied Shortwing,Brachypteryx hyperythra
Lesser Shortwing,Brachypteryx leucophris
White-browed Shortwing,Brachypteryx montana
Marbled Murrelet,Brachyramphus marmoratus
African Gray Flycatcher,Bradornis microrhynchus
Little Rush Warbler,Bradypterus baboecala
Barratt's Warbler,Bradypterus barratti
Brown Emutail,Bradypterus brunneus
White-winged Swamp Warbler,Bradypterus carpalis
Cinnamon Bracken-Warbler,Bradypterus cinnamomeus
Evergreen-forest Warbler,Bradypterus lopezi
Knysna Warbler,Bradypterus sylvaticus
Brant,Branta bernicla
Canada Goose,Branta canadensis
Cackling Goose,Branta hutchinsii
Barnacle Goose,Branta leucopsis
Hawaiian Goose,Branta sandvicensis
Yellow-chevroned Parakeet,Brotogeris chiriri
Golden-winged Parakeet,Brotogeris chrysoptera
Cobalt-winged Parakeet,Brotogeris cyanoptera
Orange-chinned Parakeet,Brotogeris jugularis
Gray-cheeked Parakeet,Brotogeris pyrrhoptera
Tui Parakeet,Brotogeris sanctithomae
Plain Parakeet,Brotogeris tirica
White-winged Parakeet,Brotogeris versicolurus
White-billed Buffalo-Weaver,Bubalornis albirostris
Red-billed Buffalo-Weaver,Bubalornis niger
Spotted Eagle-Owl,Bubo africanus
Rock Eagle-Owl,Bubo bengalensis
Eurasian Eagle-Owl,Bubo bubo
Dusky Eagle-Owl,Bubo coromandus
Verreaux's Eagle-Owl,Bubo lacteus
Spot-bellied Eagle-Owl,Bubo nipalensis
Snowy Owl,Bubo scandiacus
Barred Eagle-Owl,Bubo sumatranus
Great Horned Owl,Bubo virginianus
Cattle Egret,Bubulcus ibis
Trumpeter Finch,Bucanetes githagineus
Yellow-spotted Barbet,Buccanodon duchaillui
Collared Puffbird,Bucco capensis
Chestnut-capped Puffbird,Bucco macrodactylus
Spotted Puffbird,Bucco tamatia
Bufflehead,Bucephala albeola
Common Goldeneye,Bucephala clangula
Barrow's Goldeneye,Bucephala islandica
Great Hornbill,Buceros bicornis
Rufous Hornbill,Buceros hydrocorax
Rhinoceros Hornbill,Buceros rhinoceros
Helmeted Hornbill,Buceros vigil
Southern Ground-Hornbill,Bucorvus leadbeateri
Bulwer's Petrel,Bulweria bulwerii
Yellow-billed Oxpecker,Buphagus africanus
Red-billed Oxpecker,Buphagus erythrorynchus
Double-striped Thick-knee,Burhinus bistriatus
Spotted Thick-knee,Burhinus capensis
Bush Thick-knee,Burhinus grallarius
Indian Thick-knee,Burhinus indicus
Eurasian Thick-knee,Burhinus oedicnemus
Senegal Thick-knee,Burhinus senegalensis
Peruvian Thick-knee,Burhinus superciliaris
Water Thick-knee,Burhinus vermiculatus
Black-collared Hawk,Busarellus nigricollis
Gray-faced Buzzard,Butastur indicus
White-eyed Buzzard,Butastur teesa
White-throated Hawk,Buteo albigula
Zone-tailed Hawk,Buteo albonotatus
Augur Buzzard,Buteo augur
Madagascar Buzzard,Buteo brachypterus
Short-tailed Hawk,Buteo brachyurus
Common Buzzard,Buteo buteo
Red-tailed Hawk,Buteo jamaicensis
Eastern Buzzard,Buteo japonicus
Rough-legged Hawk,Buteo lagopus
Red-shouldered Hawk,Buteo lineatus
Gray-lined Hawk,Buteo nitidus
Mountain Buzzard,Buteo oreophilus
Gray Hawk,Buteo plagiatus
Broad-winged Hawk,Buteo platypterus
Ferruginous Hawk,Buteo regalis
Ridgway's Hawk,Buteo ridgwayi
Hawaiian Hawk,Buteo solitarius
Swainson's Hawk,Buteo swainsoni
Common Black Hawk,Buteogallus anthracinus
Chaco Eagle,Buteogallus coronatus
Savanna Hawk,Buteogallus meridionalis
Slate-colored Hawk,Buteogallus schistaceus
Solitary Eagle,Buteogallus solitarius
Great Black Hawk,Buteogallus urubitinga
Hooded Mountain Tanager,Buthraupis montana
Striated Heron,Butorides striata
Green Heron,Butorides virescens
White-thighed Hornbill,Bycanistes albotibialis
Silvery-cheeked Hornbill,Bycanistes brevis
Trumpeter Hornbill,Bycanistes bucinator
Piping Hornbill,Bycanistes fistulator
Black-and-white-casqued Hornbill,Bycanistes subcylindricus
White Cockatoo,Cacatua alba
Ducorps's Cockatoo,Cacatua ducorpsii
Sulphur-crested Cockatoo,Cacatua galerita
Tanimbar Corella,Cacatua goffiniana
Little Corella,Cacatua sanguinea
Long-billed Corella,Cacatua tenuirostris
Yellow-rumped Cacique,Cacicus cela
Mountain Cacique,Cacicus chrysonotus
Golden-winged Cacique,Cacicus chrysopterus
Red-rumped Cacique,Cacicus haemorrhous
Band-tailed Cacique,Cacicus latirostris
Casqued Cacique,Cacicus oseryi
Solitary Black Cacique,Cacicus solitarius
Scarlet-rumped Cacique,Cacicus uropygialis
Chestnut-breasted Cuckoo,Cacomantis castaneiventris
Fan-tailed Cuckoo,Cacomantis flabelliformis
White-crowned Koel,Cacomantis leucolophus
Plaintive Cuckoo,Cacomantis merulinus
Pallid Cuckoo,Cacomantis pallidus
Gray-bellied Cuckoo,Cacomantis passerinus
Banded Bay Cuckoo,Cacomantis sonneratii
Brush Cuckoo,Cacomantis variolosus
Muscovy Duck,Cairina moschata
Striated Fieldwren,Calamanthus fuliginosus
Barred Wren-Warbler,Calamonastes fasciolatus
Gray Wren-Warbler,Calamonastes simplex
Stierling's Wren-Warbler,Calamonastes stierlingi
Lark Bunting,Calamospiza melanocorys
Hume's Lark,Calandrella acutirostris
Greater Short-toed Lark,Calandrella brachydactyla
Red-capped Lark,Calandrella cinerea
Mongolian Short-toed Lark,Calandrella dukhunensis
Lapland Longspur,Calcarius lapponicus
Chestnut-collared Longspur,Calcarius ornatus
Smith's Longspur,Calcarius pictus
Fawn-colored Lark,Calendulauda africanoides
Karoo Lark,Calendulauda albescens
Foxy Lark,Calendulauda alopex
Pink-breasted Lark,Calendulauda poecilosterna
Sabota Lark,Calendulauda sabota
Red-tailed Vanga,Calicalicus madagascariensis
Sharp-tailed Sandpiper,Calidris acuminata
Sanderling,Calidris alba
Dunlin,Calidris alpina
Baird's Sandpiper,Calidris bairdii
Red Knot,Calidris canutus
Broad-billed Sandpiper,Calidris falcinellus
Curlew Sandpiper,Calidris ferruginea
White-rumped Sandpiper,Calidris fuscicollis
Stilt Sandpiper,Calidris himantopus
Purple Sandpiper,Calidris maritima
Western Sandpiper,Calidris mauri
Pectoral Sandpiper,Calidris melanotos
Little Stint,Calidris minuta
Least Sandpiper,Calidris minutilla
Rock Sandpiper,Calidris ptilocnemis
Ruff,Calidris pugnax
Semipalmated Sandpiper,Calidris pusilla
Spoon-billed Sandpiper,Calidris pygmaea
Red-necked Stint,Calidris ruficollis
Long-toed Stint,Calidris subminuta
Buff-breasted Sandpiper,Calidris subruficollis
Temminck's Stint,Calidris temminckii
Great Knot,Calidris tenuirostris
Surfbird,Calidris virgata
Yellow-faced Honeyeater,Caligavis chrysops
Black-throated Honeyeater,Caligavis subfrenata
Spectacled Finch,Callacanthis burtoni
North Island Kokako,Callaeas wilsoni
Siberian Rubythroat,Calliope calliope
Firethroat,Calliope pectardens
Himalayan Rubythroat,Calliope pectoralis
Chinese Rubythroat,Calliope tschebaiewi
California Quail,Callipepla californica
Elegant Quail,Callipepla douglasii
Gambel's Quail,Callipepla gambelii
Scaled Quail,Callipepla squamata
Gang-gang Cockatoo,Callocephalon fimbriatum
Black-throated Magpie-Jay,Calocitta colliei
White-throated Magpie-Jay,Calocitta formosa
Cory's Shearwater,Calonectris diomedea
Brown Barbet,Caloramphus fuliginosus
Lucifer Hummingbird,Calothorax lucifer
Anna's Hummingbird,Calypte anna
Costa's Hummingbird,Calypte costae
Green Broadbill,Calyptomena viridis
Whitehead's Broadbill,Calyptomena whiteheadi
Eastern Chat-Tanager,Calyptophilus frugivorus
Western Chat-Tanager,Calyptophilus tertius
Red-tailed Black-Cockatoo,Calyptorhynchus banksii
Yellow-tailed Black-Cockatoo,Calyptorhynchus funereus
Glossy Black-Cockatoo,Calyptorhynchus lathami
Carnaby's Black-Cockatoo,Calyptorhynchus latirostris
Green-backed Camaroptera,Camaroptera brachyura
Olive-green Camaroptera,Camaroptera chloronota
Yellow-browed Camaroptera,Camaroptera superciliaris
Black Cuckooshrike,Campephaga flava
Purple-throated Cuckooshrike,Campephaga quiscalina
Guayaquil Woodpecker,Campephilus gayaquilensis
Pale-billed Woodpecker,Campephilus guatemalensis
Crimson-bellied Woodpecker,Campephilus haematogaster
Cream-backed Woodpecker,Campephilus leucopogon
Magellanic Woodpecker,Campephilus magellanicus
Crimson-crested Woodpecker,Campephilus melanoleucos
Powerful Woodpecker,Campephilus pollens
Robust Woodpecker,Campephilus robustus
Red-necked Woodpecker,Campephilus rubricollis
Golden-tailed Woodpecker,Campethera abingoni
Green-backed Woodpecker,Campethera cailliautii
Mombasa Woodpecker,Campethera mombassica
Nubian Woodpecker,Campethera nubica
Northern Beardless-Tyrannulet,Camptostoma imberbe
Southern Beardless-Tyrannulet,Camptostoma obsoletum
Lazuline Sabrewing,Campylopterus falcatus
Violet Sabrewing,Campylopterus hemileucurus
Gray-breasted Sabrewing,Campylopterus largipennis
Black-billed Scythebill,Campylorhamphus falcularius
Curve-billed Scythebill,Campylorhamphus procurvoides
Brown-billed Scythebill,Campylorhamphus pusillus
Red-billed Scythebill,Campylorhamphus trochilirostris
White-headed Wren,Campylorhynchus albobrunneus
Cactus Wren,Campylorhynchus brunneicapillus
Giant Wren,Campylorhynchus chiapensis
Fasciated Wren,Campylorhynchus fasciatus
Bicolored Wren,Campylorhynchus griseus
Spotted Wren,Campylorhynchus gularis
Boucard's Wren,Campylorhynchus jocosus
Gray-barred Wren,Campylorhynchus megalopterus
Stripe-backed Wren,Campylorhynchus nuchalis
Rufous-naped Wren,Campylorhynchus rufinucha
Thrush-like Wren,Campylorhynchus turdinus
Yucatan Wren,Campylorhynchus yucatanicus
Band-backed Wren,Campylorhynchus zonatus
Spruce Grouse,Canachites canadensis
Coyote,Canis latrans
Gray Wolf,Canis lupus
Isthmian Wren,Cantorchilus elutus
Fawn-breasted Wren,Cantorchilus guarayanus
Stripe-throated Wren,Cantorchilus leucopogon
Buff-breasted Wren,Cantorchilus leucotis
Long-billed Wren,Cantorchilus longirostris
Cabanis's Wren,Cantorchilus modestus
Bay Wren,Cantorchilus nigricapillus
Riverside Wren,Cantorchilus semibadius
Superciliated Wren,Cantorchilus superciliaris
Stripe-breasted Wren,Cantorchilus thoracicus
Canebrake Wren,Cantorchilus zeledoni
Gilded Barbet,Capito auratus
Scarlet-crowned Barbet,Capito aurovirens
Black-girdled Barbet,Capito dayi
White-mantled Barbet,Capito hypoleucus
Black-spotted Barbet,Capito niger
Five-colored Barbet,Capito quinticolor
Orange-fronted Barbet,Capito squamatus
Scarlet-banded Barbet,Capito wallacei
Savanna Nightjar,Caprimulgus affinis
Indian Nightjar,Caprimulgus asiaticus
Jerdon's Nightjar,Caprimulgus atripennis
Slender-tailed Nightjar,Caprimulgus clarus
Long-tailed Nightjar,Caprimulgus climacurus
Eurasian Nightjar,Caprimulgus europaeus
Square-tailed Nightjar,Caprimulgus fossii
Jungle Nightjar,Caprimulgus indicus
Gray Nightjar,Caprimulgus jotaka
Large-tailed Nightjar,Caprimulgus macrurus
Madagascar Nightjar,Caprimulgus madagascariensis
Philippine Nightjar,Caprimulgus manillensis
Swamp Nightjar,Caprimulgus natalensis
Black-shouldered Nightjar,Caprimulgus nigriscapularis
Fiery-necked Nightjar,Caprimulgus pectoralis
Abyssinian Nightjar,Caprimulgus poliocephalus
Red-necked Nightjar,Caprimulgus ruficollis
Rufous-cheeked Nightjar,Caprimulgus rufigena
Freckled Nightjar,Caprimulgus tristigma
Yellow Tyrannulet,Capsiempis flaveola
Crested Caracara,Caracara plancus
Canada Warbler,Cardellina canadensis
Wilson's Warbler,Cardellina pusilla
Red Warbler,Cardellina rubra
Red-faced Warbler,Cardellina rubrifrons
Pink-headed Warbler,Cardellina versicolor
Northern Cardinal,Cardinalis cardinalis
Vermilion Cardinal,Cardinalis phoeniceus
Pyrrhuloxia,Cardinalis sinuatus
European Goldfinch,Carduelis carduelis
Citril Finch,Carduelis citrinella
Corsican Finch,Carduelis corsicana
Red-legged Seriema,Cariama cristata
Bornean Ground-Cuckoo,Carpococcyx radiceus
Coral-billed Ground-Cuckoo,Carpococcyx renauldi
Chinese White-browed Rosefinch,Carpodacus dubius
Common Rosefinch,Carpodacus erythrinus
Red-fronted Rosefinch,Carpodacus puniceus
Pink-browed Rosefinch,Carpodacus rodochroa
Great Rosefinch,Carpodacus rubicilla
Streaked Rosefinch,Carpodacus rubicilloides
Long-tailed Rosefinch,Carpodacus sibiricus
Sinai Rosefinch,Carpodacus synoicus
Himalayan White-browed Rosefinch,Carpodacus thura
Hooded Berryeater,Carpornis cucullata
Black-headed Berryeater,Carpornis melanocephala
Pale Rockfinch,Carpospiza brachydactyla
Golden Monarch,Carterornis chrysomela
White-eared Monarch,Carterornis leucotis
White-naped Monarch,Carterornis pileatus
Yellow-green Grosbeak,Caryothraustes canadensis
Black-faced Grosbeak,Caryothraustes poliogaster
Rufous Casiornis,Casiornis rufus
Yellow-winged Cacique,Cassiculus melanicterus
Southern Cassowary,Casuarius casuarius
Plushcap,Catamblyrhynchus diadema
Band-tailed Seedeater,Catamenia analis
Paramo Seedeater,Catamenia homochroa
Plain-colored Seedeater,Catamenia inornata
Turkey Vulture,Cathartes aura
Orange-billed Nightingale-Thrush,Catharus aurantiirostris
Bicknell's Thrush,Catharus bicknelli
Yellow-throated Nightingale-Thrush,Catharus dryas
Ruddy-capped Nightingale-Thrush,Catharus frantzii
Slaty-backed Nightingale-Thrush,Catharus fuscater
Veery,Catharus fuscescens
Black-billed Nightingale-Thrush,Catharus gracilirostris
Hermit Thrush,Catharus guttatus
Speckled Nightingale-Thrush,Catharus maculatus
Black-headed Nightingale-Thrush,Catharus mexicanus
Gray-cheeked Thrush,Catharus minimus
Russet Nightingale-Thrush,Catharus occidentalis
Swainson's Thrush,Catharus ustulatus
Canyon Wren,Catherpes mexicanus
Cheer Pheasant,Catreus wallichii
Lesser Striped Swallow,Cecropis abyssinica
Greater Striped Swallow,Cecropis cucullata
Red-rumped Swallow,Cecropis daurica
Rufous-chested Swallow,Cecropis semirufa
Striated Swallow,Cecropis striolata
Chestnut-colored Woodpecker,Celeus castaneus
Chestnut Woodpecker,Celeus elegans
Blond-crested Woodpecker,Celeus flavescens
Cream-colored Woodpecker,Celeus flavus
Helmeted Woodpecker,Celeus galeatus
Scale-breasted Woodpecker,Celeus grammicus
Cinnamon Woodpecker,Celeus loricatus
Pale-crested Woodpecker,Celeus lugubris
Kaempfer's Woodpecker,Celeus obrieni
Ochre-backed Woodpecker,Celeus ochraceus
Rufous-headed Woodpecker,Celeus spectabilis
Ringed Woodpecker,Celeus torquatus
Waved Woodpecker,Celeus undatus
Greater Sage-Grouse,Centrocercus urophasianus
Baird's Sparrow,Centronyx bairdii
Henslow's Sparrow,Centronyx henslowii
Andaman Coucal,Centropus andamanensis
Lesser Coucal,Centropus bengalensis
Bay Coucal,Centropus celebensis
Green-billed Coucal,Centropus chlororhynchos
Black-throated Coucal,Centropus leucogaster
Black-faced Coucal,Centropus melanops
Greater Black Coucal,Centropus menbeki
Buff-headed Coucal,Centropus milo
Blue-headed Coucal,Centropus monachus
Pheasant Coucal,Centropus phasianinus
Short-toed Coucal,Centropus rectunguis
Senegal Coucal,Centropus senegalensis
Greater Coucal,Centropus sinensis
White-browed Coucal,Centropus superciliosus
Malagasy Coucal,Centropus toulou
Philippine Coucal,Centropus viridis
Long-wattled Umbrellabird,Cephalopterus penduliger
Pigeon Guillemot,Cepphus columba
Black Guillemot,Cepphus grylle
Black-casqued Hornbill,Ceratogymna atrata
Round-tailed Manakin,Ceratopipra chloromeros
Scarlet-horned Manakin,Ceratopipra cornuta
Golden-headed Manakin,Ceratopipra erythrocephala
Red-capped Manakin,Ceratopipra mentalis
Red-headed Manakin,Ceratopipra rubrocapilla
Sharp-tailed Ibis,Cercibis oxycerca
Dusky Long-tailed Cuckoo,Cercococcyx mechowi
Barred Long-tailed Cuckoo,Cercococcyx montanus
Olive Long-tailed Cuckoo,Cercococcyx olivinus
Rio de Janeiro Antbird,Cercomacra brasiliana
Rio Branco Antbird,Cercomacra carbonaria
Gray Antbird,Cercomacra cinerascens
Bananal Antbird,Cercomacra ferdinandi
Manu Antbird,Cercomacra manu
Mato Grosso Antbird,Cercomacra melanaria
Jet Antbird,Cercomacra nigricans
Riparian Antbird,Cercomacroides fuscicauda
Willis's Antbird,Cercomacroides laeta
Blackish Antbird,Cercomacroides nigrescens
Parker's Antbird,Cercomacroides parkeri
Black Antbird,Cercomacroides serva
Dusky Antbird,Cercomacroides tyrannina
Miombo Scrub-Robin,Cercotrichas barbata
Karoo Scrub-Robin,Cercotrichas coryphoeus
Rufous-tailed Scrub-Robin,Cercotrichas galactotes
Brown-backed Scrub-Robin,Cercotrichas hartlaubi
Red-backed Scrub-Robin,Cercotrichas leucophrys
Kalahari Scrub-Robin,Cercotrichas paena
Black Scrub-Robin,Cercotrichas podobe
Bearded Scrub-Robin,Cercotrichas quadrivirgata
Brown Scrub-Robin,Cercotrichas signata
Brown Creeper,Certhia americana
Short-toed Treecreeper,Certhia brachydactyla
Sikkim Treecreeper,Certhia discolor
Eurasian Treecreeper,Certhia familiaris
Bar-tailed Treecreeper,Certhia himalayana
Hodgson's Treecreeper,Certhia hodgsoni
Hume's Treecreeper,Certhia manipurensis
Spot-throated Woodcreeper,Certhiasomus stictolaemus
Yellow-chinned Spinetail,Certhiaxis cinnamomeus
Red-and-white Spinetail,Certhiaxis mustelinus
Short-clawed Lark,Certhilauda chuana
Eastern Long-billed Lark,Certhilauda semitorquata
Karoo Long-billed Lark,Certhilauda subcoronata
Pied Honeyeater,Certhionyx variegatus
Pied Kingfisher,Ceryle rudis
Gray-sided Bush Warbler,Cettia brunnifrons
Chestnut-headed Tesia,Cettia castaneocoronata
Cetti's Warbler,Cettia cetti
Chestnut-crowned Bush Warbler,Cettia major
Blue Malkoha,Ceuthmochares aereus
Green Malkoha,Ceuthmochares australis
Azure Kingfisher,Ceyx azureus
Black-backed Dwarf-Kingfisher,Ceyx erithaca
White-bellied Woodstar,Chaetocercus mulsant
Cape Rockjumper,Chaetops frenatus
Short-tailed Swift,Chaetura brachyura
Chapman's Swift,Chaetura chapmani
Gray-rumped Swift,Chaetura cinereiventris
Sick's Swift,Chaetura meridionalis
Chimney Swift,Chaetura pelagica
Band-rumped Swift,Chaetura spinicaudus
Vaux's Swift,Chaetura vauxi
Amethyst Sunbird,Chalcomitra amethystina
Scarlet-chested Sunbird,Chalcomitra senegalensis
Ruby-cheeked Sunbird,Chalcoparia singalensis
Asian Emerald Dove,Chalcophaps indica
Pacific Emerald Dove,Chalcophaps longirostris
Stephan's Dove,Chalcophaps stephani
White-vented Plumeleteer,Chalybura buffonii
Bronze-tailed Plumeleteer,Chalybura urochrysia
Wrentit,Chamaea fasciata
Sickle-winged Guan,Chamaepetes goudotii
Black Guan,Chamaepetes unicolor
White-chested Alethe,Chamaetylas fuelleborni
Brown-chested Alethe,Chamaetylas poliocephala
Short-tailed Antthrush,Chamaeza campanisona
Such's Antthrush,Chamaeza meruloides
Barred Antthrush,Chamaeza mollissima
Striated Antthrush,Chamaeza nobilis
Rufous-tailed Antthrush,Chamaeza ruficauda
Schwartz's Antthrush,Chamaeza turdina
Kentish Plover,Charadrius alexandrinus
Double-banded Plover,Charadrius bicinctus
Collared Plover,Charadrius collaris
Little Ringed Plover,Charadrius dubius
Two-banded Plover,Charadrius falklandicus
Common Ringed Plover,Charadrius hiaticula
Javan Plover,Charadrius javanicus
Greater Sand-Plover,Charadrius leschenaultii
Piping Plover,Charadrius melodus
Rufous-chested Dotterel,Charadrius modestus
Lesser Sand-Plover,Charadrius mongolus
Mountain Plover,Charadrius montanus
Eurasian Dotterel,Charadrius morinellus
Snowy Plover,Charadrius nivosus
Malaysian Plover,Charadrius peronii
Long-billed Plover,Charadrius placidus
Semipalmated Plover,Charadrius semipalmatus
Three-banded Plover,Charadrius tricollaris
Oriental Plover,Charadrius veredus
Killdeer,Charadrius vociferus
Wilson's Plover,Charadrius wilsonia
Coal-crested Finch,Charitospiza eucosma
Papuan Lorikeet,Charmosyna papou
Oahu Elepaio,Chasiempis ibidis
Hawaii Elepaio,Chasiempis sandwichensis
Kauai Elepaio,Chasiempis sclateri
Northern Screamer,Chauna chavaria
Southern Screamer,Chauna torquata
Swallow-winged Puffbird,Chelidoptera tenebrosa
Yellow-bellied Fairy-Fantail,Chelidorhynx hypoxanthus
Maned Duck,Chenonetta jubata
Spike-heeled Lark,Chersomanes albofasciata
Dupont's Lark,Chersophilus duponti
Glittering-throated Emerald,Chionomesa fimbriata
Sapphire-spangled Emerald,Chionomesa lactea
Yungas Manakin,Chiroxiphia boliviana
Swallow-tailed Manakin,Chiroxiphia caudata
Lance-tailed Manakin,Chiroxiphia lanceolata
Long-tailed Manakin,Chiroxiphia linearis
Blue-backed Manakin,Chiroxiphia pareola
Spotted Bowerbird,Chlamydera maculata
Great Bowerbird,Chlamydera nuchalis
Black-fronted Tern,Chlidonias albostriatus
Whiskered Tern,Chlidonias hybrida
White-winged Tern,Chlidonias leucopterus
Black Tern,Chlidonias niger
Upland Goose,Chloephaga picta
White-bellied Emerald,Chlorestes candida
White-chinned Sapphire,Chlorestes cyanus
Blue-throated Goldentail,Chlorestes eliciae
Violet-bellied Hummingbird,Chlorestes julie
Blue-chinned Sapphire,Chlorestes notata
European Greenfinch,Chloris chloris
Vietnamese Greenfinch,Chloris monguilloti
Oriental Greenfinch,Chloris sinica
Yellow-breasted Greenfinch,Chloris spinoides
American Pygmy Kingfisher,Chloroceryle aenea
Amazon Kingfisher,Chloroceryle amazona
Green Kingfisher,Chloroceryle americana
Green-and-rufous Kingfisher,Chloroceryle inda
Glistening-green Tanager,Chlorochrysa phoenicotis
Yellow-bellied Greenbul,Chlorocichla flaviventris
Joyful Greenbul,Chlorocichla laetissima
Simple Greenbul,Chlorocichla simplex
Oahu Amakihi,Chlorodrepanis flava
Kauai Amakihi,Chlorodrepanis stejnegeri
Hawaii Amakihi,Chlorodrepanis virens
Green Honeycreeper,Chlorophanes spiza
Golden-browed Chlorophonia,Chlorophonia callophrys
Blue-naped Chlorophonia,Chlorophonia cyanea
Golden-rumped Euphonia,Chlorophonia cyanocephala
Elegant Euphonia,Chlorophonia elegantissima
Yellow-collared Chlorophonia,Chlorophonia flavirostris
Antillean Euphonia,Chlorophonia musica
Blue-crowned Chlorophonia,Chlorophonia occipitalis
Chestnut-breasted Chlorophonia,Chlorophonia pyrrhophrys
Cardinal Woodpecker,Chloropicus fuscescens
African Gray Woodpecker,Chloropicus goertae
Olive Woodpecker,Chloropicus griseocephalus
Bearded Woodpecker,Chloropicus namaquus
Mountain Gray Woodpecker,Chloropicus spodocephalus
Golden-fronted Leafbird,Chloropsis aurifrons
Blue-winged Leafbird,Chloropsis cochinchinensis
Lesser Green Leafbird,Chloropsis cyanopogon
Orange-bellied Leafbird,Chloropsis hardwickii
Jerdon's Leafbird,Chloropsis jerdoni
Greater Green Leafbird,Chloropsis sonnerati
Grass-green Tanager,Chlorornis riefferii
Ashy-throated Chlorospingus,Chlorospingus canigularis
Yellow-throated Chlorospingus,Chlorospingus flavigularis
Common Chlorospingus,Chlorospingus flavopectus
Sooty-capped Chlorospingus,Chlorospingus pileatus
Dusky Chlorospingus,Chlorospingus semifuscus
Red-billed Emerald,Chlorostilbon gibsoni
Glittering-bellied Emerald,Chlorostilbon lucidus
Blue-tailed Emerald,Chlorostilbon mellisugus
Carmiol's Tanager,Chlorothraupis carmioli
Lemon-spectacled Tanager,Chlorothraupis olivacea
Ochre-breasted Tanager,Chlorothraupis stolzmanni
Brown Parrotbill,Cholornis unicolor
Lark Sparrow,Chondestes grammacus
Hook-billed Kite,Chondrohierax uncinatus
Lesser Nighthawk,Chordeiles acutipennis
Antillean Nighthawk,Chordeiles gundlachii
Common Nighthawk,Chordeiles minor
Nacunda Nighthawk,Chordeiles nacunda
Least Nighthawk,Chordeiles pusillus
Brown-headed Gull,Chroicocephalus brunnicephalus
Gray-hooded Gull,Chroicocephalus cirrocephalus
Slender-billed Gull,Chroicocephalus genei
Brown-hooded Gull,Chroicocephalus maculipennis
Silver Gull,Chroicocephalus novaehollandiae
Bonaparte's Gull,Chroicocephalus philadelphia
Black-headed Gull,Chroicocephalus ridibundus
Andean Gull,Chroicocephalus serranus
Horsfield's Bronze-Cuckoo,Chrysococcyx basalis
Dideric Cuckoo,Chrysococcyx caprius
African Emerald Cuckoo,Chrysococcyx cupreus
Klaas's Cuckoo,Chrysococcyx klaas
Shining Bronze-Cuckoo,Chrysococcyx lucidus
Asian Emerald Cuckoo,Chrysococcyx maculatus
Little Bronze-Cuckoo,Chrysococcyx minutillus
Black-eared Cuckoo,Chrysococcyx osculans
Violet Cuckoo,Chrysococcyx xanthorhynchus
White-naped Woodpecker,Chrysocolaptes festivus
Greater Flameback,Chrysocolaptes guttacristatus
Ruby-topaz Hummingbird,Chrysolampis mosquitus
Lady Amherst's Pheasant,Chrysolophus amherstiae
Golden Pheasant,Chrysolophus pictus
Jerdon's Babbler,Chrysomma altirostre
Yellow-eyed Babbler,Chrysomma sinense
Yellow-hooded Blackbird,Chrysomus icterocephalus
Chestnut-capped Blackbird,Chrysomus ruficapillus
Greater Yellownape,Chrysophlegma flavinucha
Checker-throated Woodpecker,Chrysophlegma mentale
Banded Woodpecker,Chrysophlegma miniaceum
Black-and-yellow Tanager,Chrysothlypis chrysomelas
Scarlet-and-white Tanager,Chrysothlypis salmoni
Golden-tailed Sapphire,Chrysuronia oenone
Versicolored Emerald,Chrysuronia versicolor
Black-legged Seriema,Chunga burmeisteri
Rufous-banded Owl,Ciccaba albitarsis
Black-banded Owl,Ciccaba huhula
Black-and-white Owl,Ciccaba nigrolineata
Mottled Owl,Ciccaba virgata
Collared Palm-Thrush,Cichladusa arquata
Spotted Morning-Thrush,Cichladusa guttata
Pale-browed Treehunter,Cichlocolaptes leucophrus
Rufous-brown Solitaire,Cichlopsis leucogenys
Magnificent Bird-of-Paradise,Cicinnurus magnificus
King Bird-of-Paradise,Cicinnurus regius
Wilson's Bird-of-Paradise,Cicinnurus respublica
White Stork,Ciconia ciconia
Black Stork,Ciconia nigra
Blue-fronted Robin,Cinclidium frontale
Gray Trembler,Cinclocerthia gutturalis
Chestnut-winged Cinclodes,Cinclodes albidiventris
Cream-winged Cinclodes,Cinclodes albiventris
Stout-billed Cinclodes,Cinclodes excelsior
Buff-winged Cinclodes,Cinclodes fuscus
Seaside Cinclodes,Cinclodes nigrofumosus
Gray-flanked Cinclodes,Cinclodes oustaleti
Long-tailed Cinclodes,Cinclodes pabsti
Dark-bellied Cinclodes,Cinclodes patagonicus
Brown Songlark,Cincloramphus cruralis
Papuan Grassbird,Cincloramphus macrurus
Rufous Songlark,Cincloramphus mathewsi
Tawny Grassbird,Cincloramphus timoriensis
Painted Quail-thrush,Cinclosoma ajax
Chestnut-breasted Quail-thrush,Cinclosoma castaneothorax
Spotted Quail-thrush,Cinclosoma punctatum
White-throated Dipper,Cinclus cinclus
American Dipper,Cinclus mexicanus
Brown Dipper,Cinclus pallasii
Fulvous Wren,Cinnycerthia fulva
Sharpe's Wren,Cinnycerthia olivascens
Peruvian Wren,Cinnycerthia peruana
Rufous Wren,Cinnycerthia unirufa
Violet-backed Starling,Cinnyricinclus leucogaster
Greater Double-collared Sunbird,Cinnyris afer
Purple Sunbird,Cinnyris asiaticus
Purple-banded Sunbird,Cinnyris bifasciatus
Southern Double-collared Sunbird,Cinnyris chalybeus
Olive-bellied Sunbird,Cinnyris chloropygius
Splendid Sunbird,Cinnyris coccinigastrus
Copper Sunbird,Cinnyris cupreus
Red-chested Sunbird,Cinnyris erythrocercus
Dusky Sunbird,Cinnyris fuscus
Western Miombo Sunbird,Cinnyris gertrudis
Shining Sunbird,Cinnyris habessinicus
Olive-backed Sunbird,Cinnyris jugularis
Loten's Sunbird,Cinnyris lotenius
Mariqua Sunbird,Cinnyris mariquensis
Eastern Double-collared Sunbird,Cinnyris mediocris
Black-bellied Sunbird,Cinnyris nectarinioides
Palestine Sunbird,Cinnyris osea
Beautiful Sunbird,Cinnyris pulchellus
Regal Sunbird,Cinnyris regius
Northern Double-collared Sunbird,Cinnyris reichenowi
Flame-breasted Sunbird,Cinnyris solaris
Souimanga Sunbird,Cinnyris sovimanga
White-breasted Sunbird,Cinnyris talatala
Variable Sunbird,Cinnyris venustus
Short-toed Snake-Eagle,Circaetus gallicus
Eurasian Marsh-Harrier,Circus aeruginosus
Swamp Harrier,Circus approximans
Long-winged Harrier,Circus buffoni
Hen Harrier,Circus cyaneus
Northern Harrier,Circus hudsonius
Pallid Harrier,Circus macrourus
Pied Harrier,Circus melanoleucos
Montagu's Harrier,Circus pygargus
Eastern Marsh-Harrier,Circus spilonotus
Common Green-Magpie,Cissa chinensis
Indochinese Green-Magpie,Cissa hypoleuca
Bornean Green-Magpie,Cissa jefferyi
Magpie Tanager,Cissopis leverianus
Rock-loving Cisticola,Cisticola aberrans
Chattering Cisticola,Cisticola anonymus
Desert Cisticola,Cisticola aridulus
Wing-snapping Cisticola,Cisticola ayresii
Siffling Cisticola,Cisticola brachypterus
Singing Cisticola,Cisticola cantans
Madagascar Cisticola,Cisticola cherina
Rattling Cisticola,Cisticola chiniana
Chubb's Cisticola,Cisticola chubbi
Ashy Cisticola,Cisticola cinereolus
Red-faced Cisticola,Cisticola erythrops
Golden-headed Cisticola,Cisticola exilis
Piping Cisticola,Cisticola fulvicapilla
Coastal Cisticola,Cisticola haematocephalus
Hunter's Cisticola,Cisticola hunteri
Zitting Cisticola,Cisticola juncidis
Wailing Cisticola,Cisticola lais
Whistling Cisticola,Cisticola lateralis
Winding Cisticola,Cisticola marginatus
Croaking Cisticola,Cisticola natalensis
Black-lored Cisticola,Cisticola nigriloris
Churring Cisticola,Cisticola njombe
Chirping Cisticola,Cisticola pipiens
Stout Cisticola,Cisticola robustus
Red-headed Cisticola,Cisticola subruficapilla
Cloud Cisticola,Cisticola textrix
Levaillant's Cisticola,Cisticola tinniens
Trilling Cisticola,Cisticola woosnami
Apolinar's Wren,Cistothorus apolinari
Marsh Wren,Cistothorus palustris
Grass Wren,Cistothorus platensis
Sedge Wren,Cistothorus stellaris
Chestnut-winged Cuckoo,Clamator coromandus
Great Spotted Cuckoo,Clamator glandarius
Pied Cuckoo,Clamator jacobinus
Levaillant's Cuckoo,Clamator levaillantii
Greater Spotted Eagle,Clanga clanga
Lesser Spotted Eagle,Clanga pomarina
Long-tailed Duck,Clangula hyemalis
Blue Ground Dove,Claravis pretiosa
Canebrake Groundcreeper,Clibanornis dendrocolaptoides
Henna-hooded Foliage-gleaner,Clibanornis erythrocephalus
Chestnut-capped Foliage-gleaner,Clibanornis rectirostris
Ruddy Foliage-gleaner,Clibanornis rubiginosus
Santa Marta Foliage-gleaner,Clibanornis rufipectus
Brown Treecreeper,Climacteris picumnus
Recurve-billed Bushbird,Clytoctantes alixii
Brazilian Ruby,Clytolaema rubricauda
Fiji Shrikebill,Clytorhynchus vitiensis
Gray-hooded Bush Tanager,Cnemoscopus rubrirostris
Fuscous Flycatcher,Cnemotriccus fuscatus
Brownish Twistwing,Cnipodectes subbrunneus
Swee Waxbill,Coccopygia melanotis
Yellow-bellied Waxbill,Coccopygia quartinia
Hooded Grosbeak,Coccothraustes abeillei
Hawfinch,Coccothraustes coccothraustes
Evening Grosbeak,Coccothraustes vespertinus
Ash-colored Cuckoo,Coccycua cinerea
Little Cuckoo,Coccycua minuta
Yellow-billed Cuckoo,Coccyzus americanus
Black-billed Cuckoo,Coccyzus erythropthalmus
Pearly-breasted Cuckoo,Coccyzus euleri
Hispaniolan Lizard-Cuckoo,Coccyzus longirostris
Dark-billed Cuckoo,Coccyzus melacoryphus
Great Lizard-Cuckoo,Coccyzus merlini
Mangrove Cuckoo,Coccyzus minor
Puerto Rican Lizard-Cuckoo,Coccyzus vieilloti
Boat-billed Heron,Cochlearius cochlearius
Green Cochoa,Cochoa viridis
Bronzy Inca,Coeligena coeligena
Rainbow Starfrontlet,Coeligena iris
Buff-winged Starfrontlet,Coeligena lutetiae
Brown Inca,Coeligena wilsoni
Bananaquit,Coereba flaveola
Black-necked Woodpecker,Colaptes atricollis
Northern Flicker,Colaptes auratus
Gray-crowned Woodpecker,Colaptes auricularis
Campo Flicker,Colaptes campestris
Gilded Flicker,Colaptes chrysoides
Fernandina's Flicker,Colaptes fernandinae
Green-barred Woodpecker,Colaptes melanochloros
Chilean Flicker,Colaptes pitius
Spot-breasted Woodpecker,Colaptes punctigula
Crimson-mantled Woodpecker,Colaptes rivolii
Golden-olive Woodpecker,Colaptes rubiginosus
Andean Flicker,Colaptes rupicola
Sparkling Violetear,Colibri coruscans
Lesser Violetear,Colibri cyanotus
Brown Violetear,Colibri delphinae
White-vented Violetear,Colibri serrirostris
Mexican Violetear,Colibri thalassinus
Crested Bobwhite,Colinus cristatus
Black-throated Bobwhite,Colinus nigrogularis
Northern Bobwhite,Colinus virginianus
White-backed Mousebird,Colius colius
Speckled Mousebird,Colius striatus
Plume-toed Swiftlet,Collocalia affinis
Bower's Shrikethrush,Colluricincla boweri
Gray Shrikethrush,Colluricincla harmonica
Arafura Shrikethrush,Colluricincla megarhyncha
Rufous Shrikethrush,Colluricincla rufogaster
Long-tailed Tyrant,Colonia colonus
Patagonian Tyrant,Colorhamphus parvirostris
Rameron Pigeon,Columba arquatrix
Delegorgue's Pigeon,Columba delegorguei
Speckled Pigeon,Columba guinea
Bronze-naped Pigeon,Columba iriditorques
Japanese Wood-Pigeon,Columba janthina
Lemon Dove,Columba larvata
Rock Pigeon,Columba livia
Stock Dove,Columba oenas
Common Wood-Pigeon,Columba palumbus
Afep Pigeon,Columba unicincta
Metallic Pigeon,Columba vitiensis
Ecuadorian Ground Dove,Columbina buckleyi
Croaking Ground Dove,Columbina cruziana
Blue-eyed Ground Dove,Columbina cyanopis
Inca Dove,Columbina inca
Plain-breasted Ground Dove,Columbina minuta
Common Ground Dove,Columbina passerina
Picui Ground Dove,Columbina picui
Scaled Dove,Columbina squammata
Ruddy Ground Dove,Columbina talpacoti
Scarlet-throated Tanager,Compsothraupis loricata
Black-faced Cotinga,Conioptilon mcilhennyi
Capped Conebill,Conirostrum albifrons
Bicolored Conebill,Conirostrum bicolor
Giant Conebill,Conirostrum binghami
Cinereous Conebill,Conirostrum cinereum
White-eared Conebill,Conirostrum leucogenys
Pearly-breasted Conebill,Conirostrum margaritae
Rufous-browed Conebill,Conirostrum rufum
Blue-backed Conebill,Conirostrum sitticolor
Chestnut-vented Conebill,Conirostrum speciosum
Tamarugo Conebill,Conirostrum tamarugense
Short-winged Meadow Katydid,Conocephalus brevipennis
Slender Meadow Katydid,Conocephalus fasciatus
White-ringed Flycatcher,Conopias albovittatus
Lemon-browed Flycatcher,Conopias cinchoneti
Yellow-throated Flycatcher,Conopias parvus
Three-striped Flycatcher,Conopias trivirgatus
Slaty Gnateater,Conopophaga ardesiaca
Chestnut-belted Gnateater,Conopophaga aurita
Chestnut-crowned Gnateater,Conopophaga castaneiceps
Ceara Gnateater,Conopophaga cearae
Rufous Gnateater,Conopophaga lineata
Black-bellied Gnateater,Conopophaga melanogaster
Black-cheeked Gnateater,Conopophaga melanops
Ash-throated Gnateater,Conopophaga peruviana
Rufous-banded Honeyeater,Conopophila albogularis
Great Parrotbill,Conostoma aemodium
Black-and-white Tanager,Conothraupis speculigera
Cuban Pewee,Contopus caribaeus
Tropical Pewee,Contopus cinereus
Olive-sided Flycatcher,Contopus cooperi
Smoke-colored Pewee,Contopus fumigatus
Dark Pewee,Contopus lugubris
Blackish Pewee,Contopus nigrescens
Greater Pewee,Contopus pertinax
Western Wood-Pewee,Contopus sordidulus
Eastern Wood-Pewee,Contopus virens
Andaman Shama,Copsychus albiventris
Madagascar Magpie-Robin,Copsychus albospecularis
Black Shama,Copsychus cebuensis
Indian Robin,Copsychus fulicatus
White-browed Shama,Copsychus luzoniensis
White-rumped Shama,Copsychus malabaricus
Philippine Magpie-Robin,Copsychus mindanensis
White-vented Shama,Copsychus niger
Rufous-tailed Shama,Copsychus pyrropygus
Oriental Magpie-Robin,Copsychus saularis
Abyssinian Roller,Coracias abyssinicus
Indian Roller,Coracias benghalensis
Lilac-breasted Roller,Coracias caudatus
European Roller,Coracias garrulus
Gray Cuckooshrike,Coracina caesia
Madagascar Cuckooshrike,Coracina cinerea
Barred Cuckooshrike,Coracina lineata
Hooded Cuckooshrike,Coracina longicauda
Large Cuckooshrike,Coracina macei
Black-faced Cuckooshrike,Coracina novaehollandiae
White-bellied Cuckooshrike,Coracina papuensis
White-breasted Cuckooshrike,Coracina pectoralis
Bar-bellied Cuckooshrike,Coracina striata
Lesser Vasa Parrot,Coracopsis nigra
Greater Vasa Parrot,Coracopsis vasa
Black Vulture,Coragyps atratus
White-ruffed Manakin,Corapipo altera
White-throated Manakin,Corapipo gutturalis
White-winged Chough,Corcorax melanorhamphos
White-throated Treecreeper,Cormobates leucophaea
Papuan Treecreeper,Cormobates placens
Ruby-crowned Kinglet,Corthylio calendula
White-necked Raven,Corvus albicollis
Pied Crow,Corvus albus
American Crow,Corvus brachyrhynchos
Cape Crow,Corvus capensis
Common Raven,Corvus corax
Hooded Crow,Corvus cornix
Carrion Crow,Corvus corone
Australian Raven,Corvus coronoides
Chihuahuan Raven,Corvus cryptoleucus
Daurian Jackdaw,Corvus dauuricus
Slender-billed Crow,Corvus enca
Flores Crow,Corvus florensis
Rook,Corvus frugilegus
Hawaiian Crow,Corvus hawaiiensis
Tamaulipas Crow,Corvus imparatus
Jamaican Crow,Corvus jamaicensis
White-necked Crow,Corvus leucognaphalus
Large-billed Crow,Corvus macrorhynchos
Little Raven,Corvus mellori
Eurasian Jackdaw,Corvus monedula
Cuban Crow,Corvus nasicus
Torresian Crow,Corvus orru
Fish Crow,Corvus ossifragus
Palm Crow,Corvus palmarum
Fan-tailed Raven,Corvus rhipidurus
Brown-necked Raven,Corvus ruficollis
Sinaloa Crow,Corvus sinaloae
House Crow,Corvus splendens
Forest Raven,Corvus tasmanicus
Gray Crow,Corvus tristis
Piping Crow,Corvus typicus
Long-billed Crow,Corvus validus
Dusky Broadbill,Corydon sumatranus
Black-masked Finch,Coryphaspiza melanotis
Lark-like Brushrunner,Coryphistera alaudina
Red-crested Finch,Coryphospingus cucullatus
Pileated Finch,Coryphospingus pileatus
Great Blue Turaco,Corythaeola cristata
Gray Go-away-bird,Corythaixoides concolor
White-bellied Go-away-bird,Corythaixoides leucogaster
Southern Antpipit,Corythopis delalandi
Ringed Antpipit,Corythopis torquatus
Malachite Kingfisher,Corythornis cristatus
Coscoroba Swan,Coscoroba coscoroba
White-crowned Robin-Chat,Cossypha albicapillus
Olive-flanked Robin-Chat,Cossypha anomala
Archer's Robin-Chat,Cossypha archeri
Cape Robin-Chat,Cossypha caffra
Blue-shouldered Robin-Chat,Cossypha cyanocampter
Chorister Robin-Chat,Cossypha dichroa
White-browed Robin-Chat,Cossypha heuglini
White-throated Robin-Chat,Cossypha humeralis
Red-capped Robin-Chat,Cossypha natalensis
Snowy-crowned Robin-Chat,Cossypha niveicapilla
Gray-winged Robin-Chat,Cossypha polioptera
Rüppell's Robin-Chat,Cossypha semirufa
Yellow Rail,Coturnicops noveboracensis
Rain Quail,Coturnix coromandelica
Common Quail,Coturnix coturnix
Harlequin Quail,Coturnix delegorguei
Japanese Quail,Coturnix japonica
Stubble Quail,Coturnix pectoralis
Blue Coua,Coua caerulea
Coquerel's Coua,Coua coquereli
Crested Coua,Coua cristata
Giant Coua,Coua gigas
Red-fronted Coua,Coua reynaudii
Red-capped Coua,Coua ruficeps
Red-breasted Coua,Coua serriana
Hooded Butcherbird,Cracticus cassicus
Pied Butcherbird,Cracticus nigrogularis
Black Butcherbird,Cracticus quoyi
Gray Butcherbird,Cracticus torquatus
Creamy-crested Spinetail,Cranioleuca albicapilla
Light-crowned Spinetail,Cranioleuca albiceps
Line-cheeked Spinetail,Cranioleuca antisiensis
Ash-browed Spinetail,Cranioleuca curtata
Tepui Spinetail,Cranioleuca demissa
Red-faced Spinetail,Cranioleuca erythrops
Speckled Spinetail,Cranioleuca gutturata
Streak-capped Spinetail,Cranioleuca hellmayri
Marcapata Spinetail,Cranioleuca marcapatae
Olive Spinetail,Cranioleuca obsoleta
Pallid Spinetail,Cranioleuca pallida
Stripe-crowned Spinetail,Cranioleuca pyrrhophia
Gray-headed Spinetail,Cranioleuca semicinerea
Crested Spinetail,Cranioleuca subcristata
Parker's Spinetail,Cranioleuca vulpecula
Rusty-backed Spinetail,Cranioleuca vulpina
Rusty Mouse-Warbler,Crateroscelis murina
Mountain Mouse-Warbler,Crateroscelis robusta
Blue-billed Curassow,Crax alberti
Black Curassow,Crax alector
Bare-faced Curassow,Crax fasciolata
Great Curassow,Crax rubra
Swallow-tailed Gull,Creagrus furcatus
Wattled Starling,Creatophora cinerea
Corn Crake,Crex crex
Western Plantain-eater,Crinifer piscator
Western Bearded-Greenbul,Criniger barbatus
Red-tailed Greenbul,Criniger calurus
Eastern Bearded-Greenbul,Criniger chloronotus
White-throated Canary,Crithagra albogularis
Black-throated Canary,Crithagra atrogularis
Southern Grosbeak-Canary,Crithagra buchanani
White-bellied Canary,Crithagra dorsostriata
Yellow Canary,Crithagra flaviventris
Streaky-headed Seedeater,Crithagra gularis
Southern Citril,Crithagra hyposticta
Yemen Serin,Crithagra menachensis
Yellow-fronted Canary,Crithagra mozambica
Reichenow's Seedeater,Crithagra reichenowi
Forest Canary,Crithagra scotops
Streaky Seedeater,Crithagra striolata
Brimstone Canary,Crithagra sulphurata
Yellow-browed Oxylabes,Crossleyia xanthophrys
Smooth-billed Ani,Crotophaga ani
Greater Ani,Crotophaga major
Groove-billed Ani,Crotophaga sulcirostris
Racket-tailed Treepie,Crypsirina temia
Victorin's Warbler,Cryptillas victorini
Plumbeous Hawk,Cryptoleucopteryx plumbea
Speckle-breasted Antpitta,Cryptopezus nattereri
Green Manakin,Cryptopipo holochlora
Red-faced Crimsonwing,Cryptospiza reichenovii
Cryptic Warbler,Cryptosylvicola randrianasoloi
Black-capped Tinamou,Crypturellus atrocapillus
Bartlett's Tinamou,Crypturellus bartletti
Slaty-breasted Tinamou,Crypturellus boucardi
Cinereous Tinamou,Crypturellus cinereus
Thicket Tinamou,Crypturellus cinnamomeus
Gray-legged Tinamou,Crypturellus duidae
Red-legged Tinamou,Crypturellus erythropus
Yellow-legged Tinamou,Crypturellus noctivagus
Brown Tinamou,Crypturellus obsoletus
Small-billed Tinamou,Crypturellus parvirostris
Little Tinamou,Crypturellus soui
Brazilian Tinamou,Crypturellus strigulosus
Tataupa Tinamou,Crypturellus tataupa
Pale-browed Tinamou,Crypturellus transfasciatus
Undulated Tinamou,Crypturellus undulatus
Variegated Tinamou,Crypturellus variegatus
Common Cuckoo,Cuculus canorus
Black Cuckoo,Cuculus clamosus
African Cuckoo,Cuculus gularis
Sunda Cuckoo,Cuculus lepidus
Indian Cuckoo,Cuculus micropterus
Oriental Cuckoo,Cuculus optatus
Lesser Cuckoo,Cuculus poliocephalus
Madagascar Cuckoo,Cuculus rochii
Himalayan Cuckoo,Cuculus saturatus
Red-chested Cuckoo,Cuculus solitarius
Gray-headed Canary-Flycatcher,Culicicapa ceylonensis
Citrine Canary-Flycatcher,Culicicapa helianthea
Sharp-tailed Tyrant,Culicivora caudacuta
Austral Blackbird,Curaeus curaeus
Banded Parisoma,Curruca boehmi
Greater Whitethroat,Curruca communis
Spectacled Warbler,Curruca conspicillata
Eastern Orphean Warbler,Curruca crassirostris
Lesser Whitethroat,Curruca curruca
Western Orphean Warbler,Curruca hortensis
Western Subalpine Warbler,Curruca iberiae
Sardinian Warbler,Curruca melanocephala
Barred Warbler,Curruca nisoria
Chestnut-vented Warbler,Curruca subcoerulea
Dartford Warbler,Curruca undata
Vietnamese Cutia,Cutia legalleni
Himalayan Cutia,Cutia nipalensis
Purple Honeycreeper,Cyanerpes caeruleus
Red-legged Honeycreeper,Cyanerpes cyaneus
Blue-backed Tanager,Cyanicterus cyanicterus
Eurasian Blue Tit,Cyanistes caeruleus
Azure Tit,Cyanistes cyanus
African Blue Tit,Cyanistes teneriffae
Blue Jay,Cyanocitta cristata
Steller's Jay,Cyanocitta stelleri
Blue Bunting,Cyanocompsa parellina
Black-chested Jay,Cyanocorax affinis
Purplish-backed Jay,Cyanocorax beecheii
Azure Jay,Cyanocorax caeruleus
Cayenne Jay,Cyanocorax cayanus
Plush-crested Jay,Cyanocorax chrysops
Curl-crested Jay,Cyanocorax cristatellus
Purplish Jay,Cyanocorax cyanomelas
White-naped Jay,Cyanocorax cyanopogon
Tufted Jay,Cyanocorax dickeyi
Bushy-crested Jay,Cyanocorax melanocyaneus
White-tailed Jay,Cyanocorax mystacalis
San Blas Jay,Cyanocorax sanblasianus
Violaceous Jay,Cyanocorax violaceus
Green Jay,Cyanocorax yncas
Yucatan Jay,Cyanocorax yucatanicus
Buff-chested Babbler,Cyanoderma ambiguum
Golden Babbler,Cyanoderma chrysaeum
Chestnut-winged Babbler,Cyanoderma erythropterum
Crescent-chested Babbler,Cyanoderma melanothorax
Black-chinned Babbler,Cyanoderma pyrrhops
Rufous-capped Babbler,Cyanoderma ruficeps
Rufous-fronted Babbler,Cyanoderma rufifrons
Blue Vanga,Cyanolanius madagascarinus
Burrowing Parakeet,Cyanoliseus patagonus
Ultramarine Grosbeak,Cyanoloxia brissonii
Blue-black Grosbeak,Cyanoloxia cyanoides
Glaucous-blue Grosbeak,Cyanoloxia glaucocaerulea
Amazonian Grosbeak,Cyanoloxia rothschildii
Black-collared Jay,Cyanolyca armillata
Azure-hooded Jay,Cyanolyca cucullata
White-throated Jay,Cyanolyca mirabilis
Dwarf Jay,Cyanolyca nanus
Beautiful Jay,Cyanolyca pulchra
Black-throated Jay,Cyanolyca pumilo
Turquoise Jay,Cyanolyca turcosa
White-collared Jay,Cyanolyca viridicyanus
Blue-throated Brown Sunbird,Cyanomitra cyanolaema
Olive Sunbird,Cyanomitra olivacea
Mouse-colored Sunbird,Cyanomitra veroxii
Green-headed Sunbird,Cyanomitra verticalis
Iberian Magpie,Cyanopica cooki
Azure-winged Magpie,Cyanopica cyanus
Zappey's Flycatcher,Cyanoptila cumatilis
Blue-and-white Flycatcher,Cyanoptila cyanomelana
Red-crowned Parakeet,Cyanoramphus novaezelandiae
Rufous-browed Peppershrike,Cyclarhis gujanensis
Black-billed Peppershrike,Cyclarhis nigrirostris
Black Swan,Cygnus atratus
Trumpeter Swan,Cygnus buccinator
Tundra Swan,Cygnus columbianus
Whooper Swan,Cygnus cygnus
Black-necked Swan,Cygnus melancoryphus
Mute Swan,Cygnus olor
Fasciated Antshrike,Cymbilaimus lineatus
Bamboo Antshrike,Cymbilaimus sanctaemariae
Black-and-red Broadbill,Cymbirhynchus macrorhynchos
Broad-billed Hummingbird,Cynanthus latirostris
Sunda Blue Flycatcher,Cyornis caerulatus
White-tailed Flycatcher,Cyornis concretus
Chinese Blue Flycatcher,Cyornis glaucicomans
Hainan Blue Flycatcher,Cyornis hainanus
Blue-fronted Flycatcher,Cyornis hoevelli
Fulvous-chested Jungle-Flycatcher,Cyornis olivaceus
Sulawesi Blue Flycatcher,Cyornis omissus
White-bellied Blue Flycatcher,Cyornis pallidipes
Pale-chinned Blue Flycatcher,Cyornis poliogenys
Blue-throated Flycatcher,Cyornis rubeculoides
Mangrove Blue Flycatcher,Cyornis rufigastra
Indochinese Blue Flycatcher,Cyornis sumatrensis
Bornean Blue Flycatcher,Cyornis superbus
Tickell's Blue Flycatcher,Cyornis tickelliae
Malaysian Blue Flycatcher,Cyornis turcosus
Gray-chested Jungle-Flycatcher,Cyornis umbratilis
Pale Blue Flycatcher,Cyornis unicolor
Hill Blue Flycatcher,Cyornis whitei
Musician Wren,Cyphorhinus arada
Song Wren,Cyphorhinus phaeocephalus
Chestnut-breasted Wren,Cyphorhinus thoracicus
Black Swift,Cypseloides niger
Asian Palm-Swift,Cypsiurus balasiensis
African Palm-Swift,Cypsiurus parvus
White-rumped Tanager,Cypsnagra hirundinacea
Montezuma Quail,Cyrtonyx montezumae
Ocellated Quail,Cyrtonyx ocellatus
Columbian Trig,Cyrtoxipha columbiana
Rufous-bellied Kookaburra,Dacelo gaudichaud
Blue-winged Kookaburra,Dacelo leachii
Laughing Kookaburra,Dacelo novaeguineae
Blue Dacnis,Dacnis cayana
Yellow-bellied Dacnis,Dacnis flaviventer
Black-faced Dacnis,Dacnis lineata
Scarlet-thighed Dacnis,Dacnis venusta
Singing Quail,Dactylortyx thoracicus
Varied Sittella,Daphoenositta chrysoptera
Cape Petrel,Daption capense
Black Caracara,Daptrius ater
Scale-feathered Malkoha,Dasylophus cumingi
Eastern Bristlebird,Dasyornis brachypterus
Rufous Bristlebird,Dasyornis broadbenti
Western Bristlebird,Dasyornis longirostris
Long-tailed Woodcreeper,Deconychura longicauda
Asian House-Martin,Delichon dasypus
Common House-Martin,Delichon urbicum
Sooty Grouse,Dendragapus fuliginosus
Dusky Grouse,Dendragapus obscurus
Cinnamon-throated Woodcreeper,Dendrexetastes rufigula
Tawny-winged Woodcreeper,Dendrocincla anabatina
Plain-brown Woodcreeper,Dendrocincla fuliginosa
Ruddy Woodcreeper,Dendrocincla homochroa
White-chinned Woodcreeper,Dendrocincla merula
Plain-winged Woodcreeper,Dendrocincla turdina
Tyrannine Woodcreeper,Dendrocincla tyrannina
Bornean Treepie,Dendrocitta cinerascens
Gray Treepie,Dendrocitta formosae
White-bellied Treepie,Dendrocitta leucogastra
Rufous Treepie,Dendrocitta vagabunda
Amazonian Barred-Woodcreeper,Dendrocolaptes certhia
Black-banded Woodcreeper,Dendrocolaptes picumnus
Planalto Woodcreeper,Dendrocolaptes platyrostris
Northern Barred-Woodcreeper,Dendrocolaptes sanctithomae
Freckle-breasted Woodpecker,Dendrocopos analis
Darjeeling Woodpecker,Dendrocopos darjellensis
Himalayan Woodpecker,Dendrocopos himalayensis
Rufous-bellied Woodpecker,Dendrocopos hyperythrus
White-winged Woodpecker,Dendrocopos leucopterus
White-backed Woodpecker,Dendrocopos leucotos
Fulvous-breasted Woodpecker,Dendrocopos macei
Great Spotted Woodpecker,Dendrocopos major
Syrian Woodpecker,Dendrocopos syriacus
Brown-fronted Woodpecker,Dendrocoptes auriceps
Middle Spotted Woodpecker,Dendrocoptes medius
Wandering Whistling-Duck,Dendrocygna arcuata
Black-bellied Whistling-Duck,Dendrocygna autumnalis
Fulvous Whistling-Duck,Dendrocygna bicolor
Plumed Whistling-Duck,Dendrocygna eytoni
Lesser Whistling-Duck,Dendrocygna javanica
White-faced Whistling-Duck,Dendrocygna viduata
Chestnut-winged Foliage-gleaner,Dendroma erythroptera
Buff-fronted Foliage-gleaner,Dendroma rufa
Forest Wagtail,Dendronanthus indicus
Straight-billed Woodcreeper,Dendroplex picus
Bearded Wood-Partridge,Dendrortyx barbatus
Buffy-crowned Wood-Partridge,Dendrortyx leucophrys
Long-tailed Wood-Partridge,Dendrortyx macroura
Red-fan Parrot,Deroptyus accipitrinus
Midget Flowerpecker,Dicaeum aeneum
Thick-billed Flowerpecker,Dicaeum agile
Red-keeled Flowerpecker,Dicaeum australe
Yellow-vented Flowerpecker,Dicaeum chrysorrheum
Nilgiri Flowerpecker,Dicaeum concolor
Scarlet-backed Flowerpecker,Dicaeum cruentatum
Pale-billed Flowerpecker,Dicaeum erythrorhynchos
Mistletoebird,Dicaeum hirundinaceum
Fire-breasted Flowerpecker,Dicaeum ignipectus
Plain Flowerpecker,Dicaeum minullum
Pygmy Flowerpecker,Dicaeum pygmaeum
Orange-bellied Flowerpecker,Dicaeum trigonostigma
Mottled Flowerpecker,Dicaeum tristrami
Banded Antbird,Dichrozona cincta
Fork-tailed Drongo,Dicrurus adsimilis
Bronzed Drongo,Dicrurus aeneus
Andaman Drongo,Dicrurus andamanensis
Crow-billed Drongo,Dicrurus annectens
Shining Drongo,Dicrurus atripennis
Balicassiao,Dicrurus balicassius
Spangled Drongo,Dicrurus bracteatus
White-bellied Drongo,Dicrurus caerulescens
Glossy-backed Drongo,Dicrurus divaricatus
Crested Drongo,Dicrurus forficatus
Hair-crested Drongo,Dicrurus hottentottus
Ashy Drongo,Dicrurus leucophaeus
Common Square-tailed Drongo,Dicrurus ludwigii
Black Drongo,Dicrurus macrocercus
Sulawesi Drongo,Dicrurus montanus
Greater Racket-tailed Drongo,Dicrurus paradiseus
Lesser Racket-tailed Drongo,Dicrurus remifer
White-sided Flowerpiercer,Diglossa albilatera
Cinnamon-bellied Flowerpiercer,Diglossa baritula
Black-throated Flowerpiercer,Diglossa brunneiventris
Bluish Flowerpiercer,Diglossa caerulescens
Masked Flowerpiercer,Diglossa cyanea
Deep-blue Flowerpiercer,Diglossa glauca
Chestnut-bellied Flowerpiercer,Diglossa gloriosissima
Black Flowerpiercer,Diglossa humeralis
Indigo Flowerpiercer,Diglossa indigotica
Glossy Flowerpiercer,Diglossa lafresnayii
Moustached Flowerpiercer,Diglossa mystacalis
Slaty Flowerpiercer,Diglossa plumbea
Rusty Flowerpiercer,Diglossa sittoides
White-headed Buffalo-Weaver,Dinemellia dinemelli
Black-rumped Flameback,Dinopium benghalense
Common Flameback,Dinopium javanense
Olive-backed Woodpecker,Dinopium rafflesii
Wandering Albatross,Diomedea exulans
Red-shouldered Macaw,Diopsittaca nobilis
Diuca Finch,Diuca diuca
Melodious Blackbird,Dives dives
Scrub Blackbird,Dives warczewiczi
Dog,Dog
Bobolink,Dolichonyx oryzivorus
Black-capped Donacobius,Donacobius atricapilla
Long-tailed Reed Finch,Donacospiza albifrons
Green-fronted Lancebill,Doryfera ludovicae
Iiwi,Drepanis coccinea
Black-billed Sicklebill,Drepanornis albertisi
Crab-Plover,Dromas ardeola
Pavonine Cuckoo,Dromococcyx pavoninus
Pheasant Cuckoo,Dromococcyx phasianellus
Southern Scrub-Robin,Drymodes brunneopygia
East Andean Antbird,Drymophila caudata
Striated Antbird,Drymophila devillei
Ferruginous Antbird,Drymophila ferruginea
Rufous-tailed Antbird,Drymophila genei
Santa Marta Antbird,Drymophila hellmayri
Klages's Antbird,Drymophila klagesi
Dusky-tailed Antbird,Drymophila malura
Ochre-rumped Antbird,Drymophila ochropyga
Bertoni's Antbird,Drymophila rubricollis
Scaled Antbird,Drymophila squamata
Streak-headed Antbird,Drymophila striaticeps
Scimitar-billed Woodcreeper,Drymornis bridgesii
Red-stained Woodpecker,Dryobates affinis
White-headed Woodpecker,Dryobates albolarvatus
Arizona Woodpecker,Dryobates arizonae
Red-cockaded Woodpecker,Dryobates borealis
Scarlet-backed Woodpecker,Dryobates callonotus
Golden-collared Woodpecker,Dryobates cassini
Crimson-breasted Woodpecker,Dryobates cathpharius
Yellow-vented Woodpecker,Dryobates dignus
Dot-fronted Woodpecker,Dryobates frontalis
Smoky-brown Woodpecker,Dryobates fumigatus
Red-rumped Woodpecker,Dryobates kirkii
Striped Woodpecker,Dryobates lignarius
Yellow-eared Woodpecker,Dryobates maculifrons
Lesser Spotted Woodpecker,Dryobates minor
Checkered Woodpecker,Dryobates mixtus
Bar-bellied Woodpecker,Dryobates nigriceps
Nuttall's Woodpecker,Dryobates nuttallii
Little Woodpecker,Dryobates passerinus
Downy Woodpecker,Dryobates pubescens
Ladder-backed Woodpecker,Dryobates scalaris
White-spotted Woodpecker,Dryobates spilogaster
Strickland's Woodpecker,Dryobates stricklandi
Hairy Woodpecker,Dryobates villosus
White-bellied Woodpecker,Dryocopus javensis
Lineated Woodpecker,Dryocopus lineatus
Black Woodpecker,Dryocopus martius
Pileated Woodpecker,Dryocopus pileatus
Black-bodied Woodpecker,Dryocopus schulzii
White-throated Rail,Dryolimnas cuvieri
Pine Barrens Treefrog,Dryophytes andersonii
Canyon Treefrog,Dryophytes arenicolor
Bird-voiced Treefrog,Dryophytes avivoca
Cope's Gray Treefrog,Dryophytes chrysoscelis
Green Treefrog,Dryophytes cinereus
Pine Woods Treefrog,Dryophytes femoralis
Barking Treefrog,Dryophytes gratiosus
Squirrel Treefrog,Dryophytes squirellus
Gray Treefrog,Dryophytes versicolor
Black-backed Puffback,Dryoscopus cubla
Northern Puffback,Dryoscopus gambensis
Congo Serpent-Eagle,Dryotriorchis spectabilis
Chestnut-bellied Mountain Tanager,Dubusia castaneoventris
Buff-breasted Mountain Tanager,Dubusia taeniata
Green Imperial-Pigeon,Ducula aenea
Mountain Imperial-Pigeon,Ducula badia
Cinnamon-bellied Imperial-Pigeon,Ducula basilica
Pied Imperial-Pigeon,Ducula bicolor
Elegant Imperial-Pigeon,Ducula concinna
Dark-backed Imperial-Pigeon,Ducula lacernulata
Peale's Imperial-Pigeon,Ducula latrans
Pacific Imperial-Pigeon,Ducula pacifica
Spectacled Imperial-Pigeon,Ducula perspicillata
Pinon's Imperial-Pigeon,Ducula pinon
Island Imperial-Pigeon,Ducula pistrinaria
Pink-bellied Imperial-Pigeon,Ducula poliocephala
Red-knobbed Imperial-Pigeon,Ducula rubricera
Torresian Imperial-Pigeon,Ducula spilorrhoa
Zoe's Imperial-Pigeon,Ducula zoeae
Palmchat,Dulus dominicus
Gray Catbird,Dumetella carolinensis
Dark-fronted Babbler,Dumetia atriceps
Tawny-bellied Babbler,Dumetia hyperythra
White-streaked Antvireo,Dysithamnus leucostictus
Plain Antvireo,Dysithamnus mentalis
Bicolored Antvireo,Dysithamnus occidentalis
Plumbeous Antvireo,Dysithamnus plumbeus
Spot-crowned Antvireo,Dysithamnus puncticeps
Spot-breasted Antvireo,Dysithamnus stictothorax
Streak-crowned Antvireo,Dysithamnus striaticeps
Rufous-backed Antvireo,Dysithamnus xanthopterus
Eclectus Parrot,Eclectus roratus
Black-bellied Cicadabird,Edolisoma montanum
Common Cicadabird,Edolisoma tenuirostre
Little Blue Heron,Egretta caerulea
Chinese Egret,Egretta eulophotes
Little Egret,Egretta garzetta
Western Reef-Heron,Egretta gularis
White-faced Heron,Egretta novaehollandiae
Reddish Egret,Egretta rufescens
Pacific Reef-Heron,Egretta sacra
Snowy Egret,Egretta thula
Tricolored Heron,Egretta tricolor
Spotted Elachura,Elachura formosa
White-crested Elaenia,Elaenia albiceps
Coopmans's Elaenia,Elaenia brachyptera
Lesser Elaenia,Elaenia chiriquensis
Plain-crested Elaenia,Elaenia cristata
Greater Antillean Elaenia,Elaenia fallax
Yellow-bellied Elaenia,Elaenia flavogaster
Mountain Elaenia,Elaenia frantzii
Mottle-backed Elaenia,Elaenia gigas
Caribbean Elaenia,Elaenia martinica
Olivaceous Elaenia,Elaenia mesoleuca
Highland Elaenia,Elaenia obscura
Tepui Elaenia,Elaenia olivina
Sierran Elaenia,Elaenia pallatangae
Small-billed Elaenia,Elaenia parvirostris
Rufous-crowned Elaenia,Elaenia ruficeps
Small-headed Elaenia,Elaenia sordida
Large Elaenia,Elaenia spectabilis
Slaty Elaenia,Elaenia strepera
Swallow-tailed Kite,Elanoides forficatus
Black-winged Kite,Elanus caeruleus
White-tailed Kite,Elanus leucurus
Keel-billed Motmot,Electron carinatum
Broad-billed Motmot,Electron platyrhynchum
White-breasted Tapaculo,Eleoscytalopus indigoticus
Sickle-winged Nightjar,Eleothreptus anomalus
Greenhouse Frog,Eleutherodactylus planirostris
White-bellied Hummingbird,Elliotomyia chionogaster
White-tailed Crested-Flycatcher,Elminia albonotata
African Blue Flycatcher,Elminia longicauda
Black-fronted Dotterel,Elseyornis melanops
Sickle-winged Chat,Emarginata sinuata
Yellow-breasted Bunting,Emberiza aureola
Red-headed Bunting,Emberiza bruniceps
Gray-necked Bunting,Emberiza buchanani
Cabanis's Bunting,Emberiza cabanisi
Cretzschmar's Bunting,Emberiza caesia
Corn Bunting,Emberiza calandra
Cape Bunting,Emberiza capensis
Yellow-browed Bunting,Emberiza chrysophrys
Rock Bunting,Emberiza cia
Cinereous Bunting,Emberiza cineracea
Meadow Bunting,Emberiza cioides
Cirl Bunting,Emberiza cirlus
Yellowhammer,Emberiza citrinella
Yellow-throated Bunting,Emberiza elegans
Golden-breasted Bunting,Emberiza flaviventris
Chestnut-eared Bunting,Emberiza fucata
Godlewski's Bunting,Emberiza godlewskii
Ortolan Bunting,Emberiza hortulana
Lark-like Bunting,Emberiza impetuani
Crested Bunting,Emberiza lathami
Pine Bunting,Emberiza leucocephalos
Black-headed Bunting,Emberiza melanocephala
Pallas's Bunting,Emberiza pallasi
Little Bunting,Emberiza pusilla
Rustic Bunting,Emberiza rustica
House Bunting,Emberiza sahari
Reed Bunting,Emberiza schoeniclus
Black-faced Bunting,Emberiza spodocephala
White-capped Bunting,Emberiza stewarti
Striolated Bunting,Emberiza striolata
Yellow Bunting,Emberiza sulphurata
Cinnamon-breasted Bunting,Emberiza tahapisi
Tristram's Bunting,Emberiza tristrami
Gray Bunting,Emberiza variabilis
Ochre-rumped Bunting,Emberiza yessoensis
Wedge-tailed Grass-Finch,Emberizoides herbicola
Lesser Grass-Finch,Emberizoides ypiranganus
Pale-throated Pampa-Finch,Embernagra longicauda
Great Pampa-Finch,Embernagra platensis
Gray-capped Warbler,Eminia lepida
Pine Flycatcher,Empidonax affinis
White-throated Flycatcher,Empidonax albigularis
Alder Flycatcher,Empidonax alnorum
Black-capped Flycatcher,Empidonax atriceps
Pacific-slope Flycatcher,Empidonax difficilis
Yellowish Flycatcher,Empidonax flavescens
Yellow-bellied Flycatcher,Empidonax flaviventris
Buff-breasted Flycatcher,Empidonax fulvifrons
Hammond's Flycatcher,Empidonax hammondii
Least Flycatcher,Empidonax minimus
Dusky Flycatcher,Empidonax oberholseri
Cordilleran Flycatcher,Empidonax occidentalis
Willow Flycatcher,Empidonax traillii
Acadian Flycatcher,Empidonax virescens
Gray Flycatcher,Empidonax wrightii
Crowned Slaty Flycatcher,Empidonomus aurantioatrocristatus
Variegated Flycatcher,Empidonomus varius
Engine,Engine
Austral Parakeet,Enicognathus ferrugineus
Slender-billed Parakeet,Enicognathus leptorhynchus
White-crowned Forktail,Enicurus leschenaulti
Spotted Forktail,Enicurus maculatus
Slaty-backed Forktail,Enicurus schistaceus
Black Solitaire,Entomodestes coracinus
White-eared Solitaire,Entomodestes leucotis
Blue-faced Honeyeater,Entomyzon cyanotis
Environmental,Environmental
Galah,Eolophus roseicapilla
Yellow-billed Grosbeak,Eophona migratoria
Japanese Grosbeak,Eophona personata
Eastern Yellow Robin,Eopsaltria australis
Black Sicklebill,Epimachus fastosus
Brown Sicklebill,Epimachus meyeri
Rio Madeira Stipplethroat,Epinecrophylla amazonica
Rufous-tailed Stipplethroat,Epinecrophylla erythrura
Checker-throated Stipplethroat,Epinecrophylla fulviventris
Brown-bellied Stipplethroat,Epinecrophylla gutturalis
Rufous-backed Stipplethroat,Epinecrophylla haematonota
White-eyed Stipplethroat,Epinecrophylla leucophthalma
Ornate Stipplethroat,Epinecrophylla ornata
Foothill Stipplethroat,Epinecrophylla spodionota
Crimson Chat,Epthianura tricolor
Yellow-rumped Eremomela,Eremomela gregalis
Yellow-bellied Eremomela,Eremomela icteropygialis
Senegal Eremomela,Eremomela pusilla
Greencap Eremomela,Eremomela scotops
Horned Lark,Eremophila alpestris
Ashy-crowned Sparrow-Lark,Eremopterix griseus
Madagascar Lark,Eremopterix hova
Black-crowned Sparrow-Lark,Eremopterix nigriceps
European Robin,Erithacus rubecula
White-bellied Erpornis,Erpornis zantholeuca
Yellow Flycatcher,Erythrocercus holochlorus
Black-necklaced Scimitar-Babbler,Erythrogenys erythrocnemis
Rusty-cheeked Scimitar-Babbler,Erythrogenys erythrogenys
Black-streaked Scimitar-Babbler,Erythrogenys gravivox
Large Scimitar-Babbler,Erythrogenys hypoleucos
Spot-breasted Scimitar-Babbler,Erythrogenys mcclellandi
Gray-sided Scimitar-Babbler,Erythrogenys swinhoei
Blue-banded Pitta,Erythropitta arquata
Blue-breasted Pitta,Erythropitta erythrogaster
Garnet Pitta,Erythropitta granatina
Papuan Pitta,Erythropitta macklotii
North Moluccan Pitta,Erythropitta rufiventris
Black-crowned Pitta,Erythropitta ussheri
Blue-faced Parrotfinch,Erythrura trichroa
Beach Thick-knee,Esacus magnirostris
Great Thick-knee,Esacus recurvirostris
Common Waxbill,Estrilda astrild
Orange-cheeked Waxbill,Estrilda melpoda
Black-crowned Waxbill,Estrilda nonnula
Fawn-breasted Waxbill,Estrilda paludicola
Black-rumped Waxbill,Estrilda troglodytes
Red-headed Barbet,Eubucco bourcierii
Lemon-throated Barbet,Eubucco richardsoni
Rufous-rumped Antwren,Euchrepomis callinota
Chestnut-shouldered Antwren,Euchrepomis humeralis
Ash-winged Antwren,Euchrepomis spodioptila
Gray-headed Tanager,Eucometis penicillata
White Ibis,Eudocimus albus
Elegant Crested-Tinamou,Eudromia elegans
Black-billed Koel,Eudynamys melanorhynchus
Pacific Koel,Eudynamys orientalis
Asian Koel,Eudynamys scolopaceus
Southern Rockhopper Penguin,Eudyptes chrysocome
Little Penguin,Eudyptula minor
Rivoli's Hummingbird,Eugenes fulgens
Talamanca Hummingbird,Eugenes spectabilis
Ochre-flanked Tapaculo,Eugralla paradoxa
Turquoise-browed Motmot,Eumomota superciliosa
Nilgiri Flycatcher,Eumyias albicaudatus
Indigo Flycatcher,Eumyias indigo
Turquoise Flycatcher,Eumyias panayensis
Verditer Flycatcher,Eumyias thalassinus
Carolina Ground Cricket,Eunemobius carolinus
Confused Ground Cricket,Eunemobius confusus
African Silverbill,Euodice cantans
Indian Silverbill,Euodice malabarica
Malaysian Rail-babbler,Eupetes macrocerus
Sombre Hummingbird,Eupetomena cirrochloris
Swallow-tailed Hummingbird,Eupetomena macroura
Rusty Blackbird,Euphagus carolinus
Brewer's Blackbird,Euphagus cyanocephalus
Stripe-tailed Hummingbird,Eupherusa eximia
Scrub Euphonia,Euphonia affinis
Tawny-capped Euphonia,Euphonia anneae
Golden-sided Euphonia,Euphonia cayennensis
Green-throated Euphonia,Euphonia chalybea
Purple-throated Euphonia,Euphonia chlorotica
Golden-bellied Euphonia,Euphonia chrysopasta
Velvet-fronted Euphonia,Euphonia concinna
Finsch's Euphonia,Euphonia finschi
Fulvous-vented Euphonia,Euphonia fulvicrissa
Olive-backed Euphonia,Euphonia gouldi
Yellow-throated Euphonia,Euphonia hirundinacea
Spot-crowned Euphonia,Euphonia imitans
Thick-billed Euphonia,Euphonia laniirostris
Yellow-crowned Euphonia,Euphonia luteicapilla
Bronze-green Euphonia,Euphonia mesochrysa
White-vented Euphonia,Euphonia minuta
Chestnut-bellied Euphonia,Euphonia pectoralis
Plumbeous Euphonia,Euphonia plumbea
Rufous-bellied Euphonia,Euphonia rufiventris
Trinidad Euphonia,Euphonia trinitatis
Violaceous Euphonia,Euphonia violacea
Orange-bellied Euphonia,Euphonia xanthogaster
Yellow-crowned Bishop,Euplectes afer
Red-collared Widowbird,Euplectes ardens
Yellow Bishop,Euplectes capensis
Northern Red Bishop,Euplectes franciscanus
Black-winged Bishop,Euplectes hordeaceus
Southern Red Bishop,Euplectes orix
Long-tailed Widowbird,Euplectes progne
Black Bustard,Eupodotis afra
White-quilled Bustard,Eupodotis afraoides
Blue Bustard,Eupodotis caerulescens
Red-crested Bustard,Eupodotis ruficrista
White-bellied Bustard,Eupodotis senegalensis
Karoo Bustard,Eupodotis vigorsii
Peach-fronted Parakeet,Eupsittula aurea
Cactus Parakeet,Eupsittula cactorum
Orange-fronted Parakeet,Eupsittula canicularis
Olive-throated Parakeet,Eupsittula nana
Brown-throated Parakeet,Eupsittula pertinax
Eared Quetzal,Euptilotis neoxenus
Ansorge's Greenbul,Eurillas ansorgei
Plain Greenbul,Eurillas curvirostris
Yellow-whiskered Greenbul,Eurillas latirostris
Little Greenbul,Eurillas virens
White-rumped Shrike,Eurocephalus ruppelli
Spotted Nightjar,Eurostopodus argus
White-throated Nightjar,Eurostopodus mystacalis
Banded Broadbill,Eurylaimus javanicus
Black-and-yellow Broadbill,Eurylaimus ochromalus
Sunbittern,Eurypyga helias
Broad-billed Roller,Eurystomus glaucurus
Dollarbird,Eurystomus orientalis
Fulvous-headed Pygmy-Tyrant,Euscarthmus fulviceps
Rufous-crowned Pygmy-Tyrant,Euscarthmus meloryphus
Rufous-sided Pygmy-Tyrant,Euscarthmus rufomarginatus
White-tipped Sicklebill,Eutoxeres aquila
Amur Falcon,Falco amurensis
Brown Falcon,Falco berigora
Merlin,Falco columbarius
Orange-breasted Falcon,Falco deiroleucus
Aplomado Falcon,Falco femoralis
Prairie Falcon,Falco mexicanus
Lesser Kestrel,Falco naumanni
Peregrine Falcon,Falco peregrinus
Bat Falcon,Falco rufigularis
Gyrfalcon,Falco rusticolus
American Kestrel,Falco sparverius
Eurasian Hobby,Falco subbuteo
Eurasian Kestrel,Falco tinnunculus
Red-footed Falcon,Falco vespertinus
Sickle-billed Vanga,Falculea palliata
Crested Shrike-tit,Falcunculus frontatus
Zapata Wren,Ferminia cerverai
Taiga Flycatcher,Ficedula albicilla
Collared Flycatcher,Ficedula albicollis
Little Slaty Flycatcher,Ficedula basilanica
Rufous-chested Flycatcher,Ficedula dumetoria
Green-backed Flycatcher,Ficedula elisae
Slaty-backed Flycatcher,Ficedula erithacus
Pygmy Flycatcher,Ficedula hodgsoni
Snowy-browed Flycatcher,Ficedula hyperythra
European Pied Flycatcher,Ficedula hypoleuca
Mugimaki Flycatcher,Ficedula mugimaki
Narcissus Flycatcher,Ficedula narcissina
Black-and-orange Flycatcher,Ficedula nigrorufa
Red-breasted Flycatcher,Ficedula parva
Rusty-tailed Flycatcher,Ficedula ruficauda
Semicollared Flycatcher,Ficedula semitorquata
Rufous-gorgeted Flycatcher,Ficedula strophiata
Kashmir Flycatcher,Ficedula subrubra
Ultramarine Flycatcher,Ficedula superciliaris
Slaty-blue Flycatcher,Ficedula tricolor
Little Pied Flycatcher,Ficedula westermanni
Yellow-rumped Flycatcher,Ficedula zanthopygia
Fireworks,Fireworks
Black Jacobin,Florisuga fusca
White-necked Jacobin,Florisuga mellivora
Black-backed Water-Tyrant,Fluvicola albiventer
Masked Water-Tyrant,Fluvicola nengeta
Pied Water-Tyrant,Fluvicola pica
Black-faced Antthrush,Formicarius analis
Rufous-capped Antthrush,Formicarius colma
Mayan Antthrush,Formicarius moniliger
Black-headed Antthrush,Formicarius nigricapillus
Rufous-fronted Antthrush,Formicarius rufifrons
Rufous-breasted Antthrush,Formicarius rufipectus
Marsh Antwren,Formicivora acutirostris
Black-hooded Antwren,Formicivora erythronotos
Sincora Antwren,Formicivora grantsaui
White-fringed Antwren,Formicivora grisea
Narrow-billed Antwren,Formicivora iheringi
Black-bellied Antwren,Formicivora melanogaster
Rusty-backed Antwren,Formicivora rufa
Serra Antwren,Formicivora serrana
Pacific Parrotlet,Forpus coelestis
Spectacled Parrotlet,Forpus conspicillatus
Mexican Parrotlet,Forpus cyanopygius
Dusky-billed Parrotlet,Forpus modestus
Green-rumped Parrotlet,Forpus passerinus
Cobalt-rumped Parrotlet,Forpus xanthopterygius
Red Fody,Foudia madagascariensis
Mauritius Fody,Foudia rubra
Eastern Wattled-Honeyeater,Foulehaio carunculatus
Western Wattled-Honeyeater,Foulehaio procerior
Black Francolin,Francolinus francolinus
Painted Francolin,Francolinus pictus
Chinese Francolin,Francolinus pintadeanus
Ashy Flycatcher,Fraseria caerulescens
Gray-throated Tit-Flycatcher,Fraseria griseigularis
African Forest-Flycatcher,Fraseria ocreata
Gray Tit-Flycatcher,Fraseria plumbea
Atlantic Puffin,Fratercula arctica
Fulvous Antshrike,Frederickena fulva
Undulated Antshrike,Frederickena unduliger
Black-throated Antshrike,Frederickena viridis
Christmas Island Frigatebird,Fregata andrewsi
Lesser Frigatebird,Fregata ariel
Magnificent Frigatebird,Fregata magnificens
Great Frigatebird,Fregata minor
Common Chaffinch,Fringilla coelebs
Brambling,Fringilla montifringilla
Hawaiian Coot,Fulica alai
American Coot,Fulica americana
Slate-colored Coot,Fulica ardesiaca
Red-gartered Coot,Fulica armillata
Eurasian Coot,Fulica atra
Red-knobbed Coot,Fulica cristata
Giant Coot,Fulica gigantea
Red-fronted Coot,Fulica rufifrons
Northern Fulmar,Fulmarus glacialis
Taiwan Fulvetta,Fulvetta formosana
Spectacled Fulvetta,Fulvetta ruficapilla
White-browed Fulvetta,Fulvetta vinipectus
Crested Hornero,Furnarius cristatus
Wing-banded Hornero,Furnarius figulus
Pale-legged Hornero,Furnarius leucopus
Lesser Hornero,Furnarius minor
Rufous Hornero,Furnarius rufus
White-eared Jacamar,Galbalcyrhynchus leucotis
Purus Jacamar,Galbalcyrhynchus purusianus
Yellow-billed Jacamar,Galbula albirostris
Purplish Jacamar,Galbula chalcothorax
Bluish-fronted Jacamar,Galbula cyanescens
Blue-cheeked Jacamar,Galbula cyanicollis
Paradise Jacamar,Galbula dea
Green-tailed Jacamar,Galbula galbula
Bronzy Jacamar,Galbula leucogastra
Coppery-chested Jacamar,Galbula pastazae
Rufous-tailed Jacamar,Galbula ruficauda
White-chinned Jacamar,Galbula tombacea
Crested Lark,Galerida cristata
Tawny Lark,Galerida deva
Large-billed Lark,Galerida magnirostris
Malabar Lark,Galerida malabarica
Thekla's Lark,Galerida theklae
Watercock,Gallicrex cinerea
Puna Snipe,Gallinago andina
Wilson's Snipe,Gallinago delicata
Common Snipe,Gallinago gallinago
Latham's Snipe,Gallinago hardwickii
Imperial Snipe,Gallinago imperialis
Jameson's Snipe,Gallinago jamesoni
Magellanic Snipe,Gallinago magellanica
Great Snipe,Gallinago media
Swinhoe's Snipe,Gallinago megala
Noble Snipe,Gallinago nobilis
Paraguayan Snipe,Gallinago paraguaiae
Pin-tailed Snipe,Gallinago stenura
Giant Snipe,Gallinago undulata
Eurasian Moorhen,Gallinula chloropus
Common Gallinule,Gallinula galeata
Dusky Moorhen,Gallinula tenebrosa
Weka,Gallirallus australis
Buff-banded Rail,Gallirallus philippensis
Barred Rail,Gallirallus torquatus
Sri Lanka Spurfowl,Galloperdix bicalcarata
Red Spurfowl,Galloperdix spadicea
Red Junglefowl,Gallus gallus
Sri Lanka Junglefowl,Gallus lafayettii
Gray Junglefowl,Gallus sonneratii
Green Junglefowl,Gallus varius
Pearl Kite,Gampsonyx swainsonii
White-hooded Babbler,Gampsorhynchus rufulus
Collared Babbler,Gampsorhynchus torquatus
Chinese Hwamei,Garrulax canorus
White-crested Laughingthrush,Garrulax leucolophus
Black-hooded Laughingthrush,Garrulax milleti
Lesser Necklaced Laughingthrush,Garrulax monileger
Sunda Laughingthrush,Garrulax palliatus
White-necked Laughingthrush,Garrulax strepitans
Taiwan Hwamei,Garrulax taewanus
Eurasian Jay,Garrulus glandarius
Black-headed Jay,Garrulus lanceolatus
Lidth's Jay,Garrulus lidthi
Eastern Narrow-mouthed Toad,Gastrophryne carolinensis
Great Plains Narrow-mouthed Toad,Gastrophryne olivacea
Yellow-billed Loon,Gavia adamsii
Arctic Loon,Gavia arctica
Common Loon,Gavia immer
Pacific Loon,Gavia pacifica
Red-throated Loon,Gavia stellata
Mangrove Honeyeater,Gavicalis fasciogularis
Singing Honeyeater,Gavicalis virescens
Pale-headed Woodpecker,Gecinulus grantia
Bamboo Woodpecker,Gecinulus viridis
Gull-billed Tern,Gelochelidon nilotica
Striated Earthcreeper,Geocerthia serrana
Greater Roadrunner,Geococcyx californianus
Lesser Roadrunner,Geococcyx velox
Red-cheeked Parrot,Geoffroyus geoffroyi
Singing Parrot,Geoffroyus heteroclitus
Orange-headed Thrush,Geokichla citrina
Orange Ground-Thrush,Geokichla gurneyi
Spotted Ground-Thrush,Geokichla guttata
Orange-banded Thrush,Geokichla peronii
Abyssinian Ground-Thrush,Geokichla piaggiae
Siberian Thrush,Geokichla sibirica
Spot-winged Thrush,Geokichla spiloptera
Bar-shouldered Dove,Geopelia humeralis
Peaceful Dove,Geopelia placida
Zebra Dove,Geopelia striata
Short-billed Miner,Geositta antarctica
Common Miner,Geositta cunicularia
Puna Miner,Geositta punensis
Rufous-banded Miner,Geositta rufipennis
Slender-billed Miner,Geositta tenuirostris
Ash-breasted Sierra Finch,Geospizopsis plebejus
Plumbeous Sierra Finch,Geospizopsis unicolor
Masked Yellowthroat,Geothlypis aequinoctialis
Belding's Yellowthroat,Geothlypis beldingi
Kentucky Warbler,Geothlypis formosa
Hooded Yellowthroat,Geothlypis nelsoni
Mourning Warbler,Geothlypis philadelphia
Gray-crowned Yellowthroat,Geothlypis poliocephala
Bahama Yellowthroat,Geothlypis rostrata
Olive-crowned Yellowthroat,Geothlypis semiflava
Black-polled Yellowthroat,Geothlypis speciosa
MacGillivray's Warbler,Geothlypis tolmiei
Common Yellowthroat,Geothlypis trichas
Key West Quail-Dove,Geotrygon chrysia
Ruddy Quail-Dove,Geotrygon montana
Violaceous Quail-Dove,Geotrygon violacea
White-tailed Hawk,Geranoaetus albicaudatus
Black-chested Buzzard-Eagle,Geranoaetus melanoleucus
Variable Hawk,Geranoaetus polyosoma
Crane Hawk,Geranospiza caerulescens
Northern Bald Ibis,Geronticus eremita
Green-backed Gerygone,Gerygone chloronota
Fan-tailed Gerygone,Gerygone flavolateralis
Western Gerygone,Gerygone fusca
Gray Gerygone,Gerygone igata
Mangrove Gerygone,Gerygone levigaster
Large-billed Gerygone,Gerygone magnirostris
Brown Gerygone,Gerygone mouki
White-throated Gerygone,Gerygone olivacea
Fairy Gerygone,Gerygone palpebrosa
Golden-bellied Gerygone,Gerygone sulphurea
Small Pratincole,Glareola lactea
Oriental Pratincole,Glareola maldivarum
Collared Pratincole,Glareola pratincola
Lavender Waxbill,Glaucestrilda caerulescens
Yungas Pygmy-Owl,Glaucidium bolivianum
Ferruginous Pygmy-Owl,Glaucidium brasilianum
African Barred Owlet,Glaucidium capense
Javan Owlet,Glaucidium castanopterum
Chestnut-backed Owlet,Glaucidium castanotum
Costa Rican Pygmy-Owl,Glaucidium costaricanum
Asian Barred Owlet,Glaucidium cuculoides
Northern Pygmy-Owl,Glaucidium gnoma
Central American Pygmy-Owl,Glaucidium griseiceps
Amazonian Pygmy-Owl,Glaucidium hardyi
Andean Pygmy-Owl,Glaucidium jardinii
Least Pygmy-Owl,Glaucidium minutissimum
Austral Pygmy-Owl,Glaucidium nana
Cloud-forest Pygmy-Owl,Glaucidium nubicola
Colima Pygmy-Owl,Glaucidium palmarum
Subtropical Pygmy-Owl,Glaucidium parkeri
Eurasian Pygmy-Owl,Glaucidium passerinum
Pearl-spotted Owlet,Glaucidium perlatum
Peruvian Pygmy-Owl,Glaucidium peruanum
Jungle Owlet,Glaucidium radiatum
Tamaulipas Pygmy-Owl,Glaucidium sanchezi
Cuban Pygmy-Owl,Glaucidium siju
Red-chested Owlet,Glaucidium tephronotum
Hook-billed Hermit,Glaucis dohrnii
Rufous-breasted Hermit,Glaucis hirsutus
Tawny-crowned Honeyeater,Gliciphila melanops
Musk Lorikeet,Glossopsitta concinna
Wedge-billed Woodcreeper,Glyphorynchus spirurus
Chopi Blackbird,Gnorimopsar chopi
Malayan Night-Heron,Gorsachius melanolophus
Southern Hill Myna,Gracula indica
Sri Lanka Myna,Gracula ptilogenys
Common Hill Myna,Gracula religiosa
Asian Pied Starling,Gracupica contra
Black-collared Starling,Gracupica nigricollis
White-throated Antpitta,Grallaria albigula
Moustached Antpitta,Grallaria alleni
Stripe-headed Antpitta,Grallaria andicolus
Santa Marta Antpitta,Grallaria bangsi
Chestnut Antpitta,Grallaria blakei
Cajamarca Antpitta,Grallaria cajamarcae
Bay Antpitta,Grallaria capitalis
Pale-billed Antpitta,Grallaria carrikeri
Ochre-striped Antpitta,Grallaria dignissima
Red-and-white Antpitta,Grallaria erythroleuca
Rufous-faced Antpitta,Grallaria erythrotis
Yellow-breasted Antpitta,Grallaria flavotincta
Giant Antpitta,Grallaria gigantea
Chachapoyas Antpitta,Grallaria gravesi
Gray-naped Antpitta,Grallaria griseonucha
Scaled Antpitta,Grallaria guatimalensis
Plain-backed Antpitta,Grallaria haplonota
White-bellied Antpitta,Grallaria hypoleuca
Cundinamarca Antpitta,Grallaria kaestneri
Brown-banded Antpitta,Grallaria milleri
Chestnut-naped Antpitta,Grallaria nuchalis
Urubamba Antpitta,Grallaria occabambae
Rusty-tinged Antpitta,Grallaria przewalskii
Tawny Antpitta,Grallaria quitensis
Jocotoco Antpitta,Grallaria ridgelyi
Chestnut-crowned Antpitta,Grallaria ruficapilla
Bicolored Antpitta,Grallaria rufocinerea
Muisca Antpitta,Grallaria rufula
Equatorial Antpitta,Grallaria saturata
Undulated Antpitta,Grallaria squamigera
Urrao Antpitta,Grallaria urraoensis
Variegated Antpitta,Grallaria varia
Watkins's Antpitta,Grallaria watkinsi
Hooded Antpitta,Grallaricula cucullata
Rusty-breasted Antpitta,Grallaricula ferrugineipectus
Ochre-breasted Antpitta,Grallaricula flavirostris
Leymebamba Antpitta,Grallaricula leymebambae
Crescent-faced Antpitta,Grallaricula lineifrons
Slate-crowned Antpitta,Grallaricula nana
Ochre-fronted Antpitta,Grallaricula ochraceifrons
Peruvian Antpitta,Grallaricula peruviana
Magpie-lark,Grallina cyanoleuca
Striated Laughingthrush,Grammatoptila striata
Rose-breasted Chat,Granatellus pelzelni
Gray-throated Chat,Granatellus sallaei
Red-breasted Chat,Granatellus venustus
Purple Grenadier,Granatina ianthinogaster
Painted Honeyeater,Grantiella picta
Short-tailed Parrot,Graydidascalus brachyurus
Whooping Crane,Grus americana
Common Crane,Grus grus
Red-crowned Crane,Grus japonensis
Hooded Crane,Grus monacha
Black-necked Crane,Grus nigricollis
Gryllus assimilis,Gryllus assimilis
Southern Wood Cricket,Gryllus fultoni
Fall Field Cricket,Gryllus pennsylvanicus
Southeastern Field Cricket,Gryllus rubens
Golden Parakeet,Guaruba guarouba
Yellow Cardinal,Gubernatrix cristata
Streamer-tailed Tyrant,Gubernetes yetapa
Guira Cuckoo,Guira guira
Gun,Gun
Crested Guineafowl,Guttera pucherani
White Tern,Gygis alba
Puerto Rican Owl,Gymnasio nudipes
Gray-throated Barbet,Gymnobucco bonapartei
Naked-faced Barbet,Gymnobucco calvus
Bare-crowned Antbird,Gymnocichla nudiceps
Oriole Blackbird,Gymnomystax mexicanus
Duetting Giant-Honeyeater,Gymnomyza brunneirostris
Mao,Gymnomyza samoensis
Bicolored Antbird,Gymnopithys bicolor
White-cheeked Antbird,Gymnopithys leucaspis
Rufous-throated Antbird,Gymnopithys rufigula
Australian Magpie,Gymnorhina tibicen
Pinyon Jay,Gymnorhinus cyanocephalus
Sahel Bush Sparrow,Gymnoris dentata
Yellow-spotted Bush Sparrow,Gymnoris pyrgita
Yellow-throated Bush Sparrow,Gymnoris superciliaris
Yellow-throated Sparrow,Gymnoris xanthocollis
Eurasian Griffon,Gyps fulvus
Himalayan Griffon,Gyps himalayensis
Streaked Wren-Babbler,Gypsophila brevicaudata
Rusty-breasted Wren-Babbler,Gypsophila rufipectus
Black-cheeked Ant-Tanager,Habia atrimaxillaris
Crested Ant-Tanager,Habia cristata
Red-throated Ant-Tanager,Habia fuscicauda
Sooty Ant-Tanager,Habia gutturalis
Red-crowned Ant-Tanager,Habia rubica
Blackish Oystercatcher,Haematopus ater
Black Oystercatcher,Haematopus bachmani
South Island Oystercatcher,Haematopus finschi
Sooty Oystercatcher,Haematopus fuliginosus
Magellanic Oystercatcher,Haematopus leucopodus
Pied Oystercatcher,Haematopus longirostris
Eurasian Oystercatcher,Haematopus ostralegus
American Oystercatcher,Haematopus palliatus
Variable Oystercatcher,Haematopus unicolor
Crimson-headed Partridge,Haematortyx sanguiniceps
Cassin's Finch,Haemorhous cassinii
House Finch,Haemorhous mexicanus
Purple Finch,Haemorhous purpureus
Sooty Antbird,Hafferia fortis
Blue-lored Antbird,Hafferia immaculata
Zeledon's Antbird,Hafferia zeledoni
Brown-hooded Kingfisher,Halcyon albiventris
Chocolate-backed Kingfisher,Halcyon badia
Striped Kingfisher,Halcyon chelicuti
Ruddy Kingfisher,Halcyon coromanda
Brown-breasted Kingfisher,Halcyon gularis
Gray-headed Kingfisher,Halcyon leucocephala
Blue-breasted Kingfisher,Halcyon malimbica
Black-capped Kingfisher,Halcyon pileata
Woodland Kingfisher,Halcyon senegalensis
White-throated Kingfisher,Halcyon smyrnensis
White-tailed Eagle,Haliaeetus albicilla
Lesser Fish-Eagle,Haliaeetus humilis
Gray-headed Fish-Eagle,Haliaeetus ichthyaetus
Bald Eagle,Haliaeetus leucocephalus
White-bellied Sea-Eagle,Haliaeetus leucogaster
Steller's Sea-Eagle,Haliaeetus pelagicus
African Fish-Eagle,Haliaeetus vocifer
Brahminy Kite,Haliastur indus
Whistling Kite,Haliastur sphenurus
Yellow-breasted Crake,Hapalocrex flaviventer
Rusty-faced Parrot,Hapalopsittaca amazonina
Indigo-winged Parrot,Hapalopsittaca fuertesi
White-faced Nunbird,Hapaloptila castanea
Greenish Puffleg,Haplophaedia aureliae
Uniform Finch,Haplospiza unicolor
Philippine Trogon,Harpactes ardens
Diard's Trogon,Harpactes diardii
Scarlet-rumped Trogon,Harpactes duvaucelii
Red-headed Trogon,Harpactes erythrocephalus
Malabar Trogon,Harpactes fasciatus
Red-naped Trogon,Harpactes kasumba
Orange-breasted Trogon,Harpactes oreskios
Cinnamon-rumped Trogon,Harpactes orrhophaeus
Ward's Trogon,Harpactes wardi
Double-toothed Kite,Harpagus bidentatus
Rufous-thighed Kite,Harpagus diodon
Harpy Eagle,Harpia harpyja
New Guinea Eagle,Harpyopsis novaeguineae
Collared Sunbird,Hedydipna collaris
Nile Valley Sunbird,Hedydipna metallica
Pygmy Sunbird,Hedydipna platura
Amethyst-throated Sunangel,Heliangelus amethysticollis
Tourmaline Sunangel,Heliangelus exortis
Purple-throated Sunangel,Heliangelus viola
Slender-billed Kite,Helicolestes hamatus
Sharp-billed Treehunter,Heliobletus contaminatus
Green-crowned Brilliant,Heliodoxa jacula
Violet-fronted Brilliant,Heliodoxa leadbeateri
Fawn-breasted Brilliant,Heliodoxa rubinoides
Plain-capped Starthroat,Heliomaster constantii
Long-billed Starthroat,Heliomaster longirostris
Sungrebe,Heliornis fulica
Black-eared Fairy,Heliothryx auritus
White-browed Spinetail,Hellmayrea gularis
Worm-eating Warbler,Helmitheros vermivorum
Pallas's Grasshopper Warbler,Helopsaltes certhiola
Middendorff's Grasshopper Warbler,Helopsaltes ochotensis
Marsh Grassbird,Helopsaltes pryeri
Heart-spotted Woodpecker,Hemicircus canente
Gray-and-buff Woodpecker,Hemicircus concretus
Akiapolaau,Hemignathus wilsoni
Whiskered Treeswift,Hemiprocne comata
Crested Treeswift,Hemiprocne coronata
Gray-rumped Treeswift,Hemiprocne longipennis
Moustached Treeswift,Hemiprocne mystacea
Black-winged Flycatcher-shrike,Hemipus hirundinaceus
Bar-winged Flycatcher-shrike,Hemipus picatus
Yellow-backed Tanager,Hemithraupis flavicollis
Guira Tanager,Hemithraupis guira
Rufous-headed Tanager,Hemithraupis ruficapilla
Cinnamon-breasted Tody-Tyrant,Hemitriccus cinnamomeipectus
Acre Tody-Tyrant,Hemitriccus cohnhafti
Drab-breasted Pygmy-Tyrant,Hemitriccus diops
Flammulated Pygmy-Tyrant,Hemitriccus flammulatus
Fork-tailed Pygmy-Tyrant,Hemitriccus furcatus
Black-throated Tody-Tyrant,Hemitriccus granadensis
White-bellied Tody-Tyrant,Hemitriccus griseipectus
Pelzeln's Tody-Tyrant,Hemitriccus inornatus
Johannes's Tody-Tyrant,Hemitriccus iohannis
Pearly-vented Tody-Tyrant,Hemitriccus margaritaceiventer
Zimmer's Tody-Tyrant,Hemitriccus minimus
Snethlage's Tody-Tyrant,Hemitriccus minor
Hangnest Tody-Tyrant,Hemitriccus nidipendulus
Brown-breasted Pygmy-Tyrant,Hemitriccus obsoletus
Eye-ringed Tody-Tyrant,Hemitriccus orbitatus
Buff-throated Tody-Tyrant,Hemitriccus rufigularis
Yungas Tody-Tyrant,Hemitriccus spodiops
Stripe-necked Tody-Tyrant,Hemitriccus striaticollis
White-eyed Tody-Tyrant,Hemitriccus zosterops
Chestnut Bulbul,Hemixos castanonotus
Cinereous Bulbul,Hemixos cinereus
Ashy Bulbul,Hemixos flavala
Hermit Wood-Wren,Henicorhina anachoreta
Gray-breasted Wood-Wren,Henicorhina leucophrys
Bar-winged Wood-Wren,Henicorhina leucoptera
White-breasted Wood-Wren,Henicorhina leucosticta
Munchique Wood-Wren,Henicorhina negreti
Laughing Falcon,Herpetotheres cachinnans
Black-capped Antwren,Herpsilochmus atricapillus
Yellow-breasted Antwren,Herpsilochmus axillaris
Spot-backed Antwren,Herpsilochmus dorsimaculatus
Dugand's Antwren,Herpsilochmus dugandi
Rusty-winged Antwren,Herpsilochmus frater
Ancient Antwren,Herpsilochmus gentryi
Large-billed Antwren,Herpsilochmus longirostris
Creamy-bellied Antwren,Herpsilochmus motacilloides
Ash-throated Antwren,Herpsilochmus parkeri
Pectoral Antwren,Herpsilochmus pectoralis
Bahia Antwren,Herpsilochmus pileatus
Roraiman Antwren,Herpsilochmus roraimae
Rufous-margined Antwren,Herpsilochmus rufimarginatus
Caatinga Antwren,Herpsilochmus sellowi
Todd's Antwren,Herpsilochmus stictocephalus
Spot-tailed Antwren,Herpsilochmus sticturus
Orange-crowned Manakin,Heterocercus aurantiivertex
Yellow-crowned Manakin,Heterocercus flavivertex
Flame-crowned Manakin,Heterocercus linteatus
Ashy Robin,Heteromyias albispecularis
Gray-headed Robin,Heteromyias cinereifrons
White-eared Sibia,Heterophasia auricularis
Rufous Sibia,Heterophasia capistrata
Black-headed Sibia,Heterophasia desgodinsi
Gray Sibia,Heterophasia gracilis
Black-backed Sibia,Heterophasia melanoleuca
Long-tailed Sibia,Heterophasia picaoides
Beautiful Sibia,Heterophasia pulchella
Scarlet-browed Tanager,Heterospingus xanthopygius
Booted Eagle,Hieraaetus pennatus
Dark Hawk-Cuckoo,Hierococcyx bocki
Malaysian Hawk-Cuckoo,Hierococcyx fugax
Northern Hawk-Cuckoo,Hierococcyx hyperythrus
Hodgson's Hawk-Cuckoo,Hierococcyx nisicolor
Philippine Hawk-Cuckoo,Hierococcyx pectoralis
Large Hawk-Cuckoo,Hierococcyx sparverioides
Moustached Hawk-Cuckoo,Hierococcyx vagans
Common Hawk-Cuckoo,Hierococcyx varius
Black-winged Stilt,Himantopus himantopus
Pied Stilt,Himantopus leucocephalus
Black-necked Stilt,Himantopus mexicanus
Apapane,Himatione sanguinea
Icterine Warbler,Hippolais icterina
Upcher's Warbler,Hippolais languida
Olive-tree Warbler,Hippolais olivetorum
Melodious Warbler,Hippolais polyglotta
White-throated Needletail,Hirundapus caudacutus
Brown-backed Needletail,Hirundapus giganteus
Cliff Flycatcher,Hirundinea ferruginea
Angola Swallow,Hirundo angolensis
Welcome Swallow,Hirundo neoxena
Barn Swallow,Hirundo rustica
Wire-tailed Swallow,Hirundo smithii
Pacific Swallow,Hirundo tahitica
Harlequin Duck,Histrionicus histrionicus
Rufous-tailed Weaver,Histurgops ruficauda
White-crested Hornbill,Horizocerus albocristatus
Yellowish-bellied Bush Warbler,Horornis acanthizoides
Palau Bush Warbler,Horornis annae
Hume's Bush Warbler,Horornis brunnescens
Manchurian Bush Warbler,Horornis canturians
Japanese Bush Warbler,Horornis diphone
Aberrant Bush Warbler,Horornis flavolivaceus
Brownish-flanked Bush Warbler,Horornis fortipes
Fiji Bush Warbler,Horornis ruficapilla
Philippine Bush Warbler,Horornis seebohmi
Sunda Bush Warbler,Horornis vulcanius
Human non-vocal,Human non-vocal
Human vocal,Human vocal
Human whistle,Human whistle
Band-rumped Storm-Petrel,Hydrobates castro
Leach's Storm-Petrel,Hydrobates leucorhous
Swinhoe's Storm-Petrel,Hydrobates monorhis
European Storm-Petrel,Hydrobates pelagicus
Tristram's Storm-Petrel,Hydrobates tristrami
Little Gull,Hydrocoloeus minutus
Pheasant-tailed Jacana,Hydrophasianus chirurgus
Caspian Tern,Hydroprogne caspia
White-tailed Nightjar,Hydropsalis cayennensis
Ladder-tailed Nightjar,Hydropsalis climacocerca
Spot-tailed Nightjar,Hydropsalis maculicaudus
Scissor-tailed Nightjar,Hydropsalis torquata
Blue-headed Pitta,Hydrornis baudii
Giant Pitta,Hydrornis caeruleus
Blue Pitta,Hydrornis cyaneus
Bar-bellied Pitta,Hydrornis elliotii
Malayan Banded-Pitta,Hydrornis irena
Blue-naped Pitta,Hydrornis nipalensis
Rusty-naped Pitta,Hydrornis oatesi
Bornean Banded-Pitta,Hydrornis schwaneri
Blue-rumped Pitta,Hydrornis soror
Shy Heathwren,Hylacola cauta
Red-billed Woodcreeper,Hylexetastes perrotii
Bar-bellied Woodcreeper,Hylexetastes stresemanni
Uniform Woodcreeper,Hylexetastes uniformis
Green Hylia,Hylia prasina
Pacific Chorus Frog,Hyliola regilla
Gilded Hummingbird,Hylocharis chrysura
Rufous-throated Sapphire,Hylocharis sapphirina
Wood Thrush,Hylocichla mustelina
Tody Motmot,Hylomanes momotula
Spotted Antpitta,Hylopezus macularius
White-browed Antpitta,Hylopezus ochroleucus
Snethlage's Antpitta,Hylopezus paraensis
Streak-chested Antpitta,Hylopezus perspicillatus
Alta Floresta Antpitta,Hylopezus whittakeri
Gray-eyed Greenlet,Hylophilus amaurocephalus
Brown-headed Greenlet,Hylophilus brunneiceps
Scrub Greenlet,Hylophilus flavipes
Olivaceous Greenlet,Hylophilus olivaceus
Ashy-headed Greenlet,Hylophilus pectoralis
Rufous-crowned Greenlet,Hylophilus poicilotis
Gray-chested Greenlet,Hylophilus semicinereus
Lemon-chested Greenlet,Hylophilus thoracicus
Spotted Antbird,Hylophylax naevioides
Spot-backed Antbird,Hylophylax naevius
Dot-backed Antbird,Hylophylax punctulatus
Nava's Wren,Hylorchilus navai
Sumichrast's Wren,Hylorchilus sumichrasti
Spectacled Tyrant,Hymenops perspicillatus
Peters's Twinspot,Hypargos niveoguttatus
Oriole Warbler,Hypergerus atriceps
Russet-throated Puffbird,Hypnelus ruficollis
Guianan Warbling-Antbird,Hypocnemis cantator
Imeri Warbling-Antbird,Hypocnemis flavescens
Yellow-browed Antbird,Hypocnemis hypoxantha
Rondonia Warbling-Antbird,Hypocnemis ochrogyna
Peruvian Warbling-Antbird,Hypocnemis peruviana
Spix's Warbling-Antbird,Hypocnemis striata
Yellow-breasted Warbling-Antbird,Hypocnemis subflava
Band-tailed Antbird,Hypocnemoides maculicauda
Black-chinned Antbird,Hypocnemoides melanopogon
Hypocolius,Hypocolius ampelinus
Spot-backed Antshrike,Hypoedaleus guttatus
Red-bellied Grackle,Hypopyrrhus pyrohypogaster
Black-naped Monarch,Hypothymis azurea
Pale-blue Monarch,Hypothymis puella
Brown-eared Bulbul,Hypsipetes amaurotis
Yellowish Bulbul,Hypsipetes everetti
Square-tailed Bulbul,Hypsipetes ganeesa
Black Bulbul,Hypsipetes leucocephalus
Malagasy Bulbul,Hypsipetes madagascariensis
Mauritius Bulbul,Hypsipetes olivaceus
Philippine Bulbul,Hypsipetes philippinus
Giant Laughingthrush,Ianthocincla maxima
Spotted Laughingthrush,Ianthocincla ocellata
Rufous-chinned Laughingthrush,Ianthocincla rufogularis
Ibisbill,Ibidorhyncha struthersii
Red-throated Caracara,Ibycter americanus
Audouin's Gull,Ichthyaetus audouinii
Mediterranean Gull,Ichthyaetus melanocephalus
Yellow-breasted Chat,Icteria virens
Black-backed Oriole,Icterus abeillei
Orange Oriole,Icterus auratus
Orange-crowned Oriole,Icterus auricapillus
Bullock's Oriole,Icterus bullockii
Epaulet Oriole,Icterus cayanensis
Yellow-backed Oriole,Icterus chrysater
Orange-backed Troupial,Icterus croconotus
Hooded Oriole,Icterus cucullatus
Baltimore Oriole,Icterus galbula
White-edged Oriole,Icterus graceannae
Audubon's Oriole,Icterus graduacauda
Altamira Oriole,Icterus gularis
Venezuelan Troupial,Icterus icterus
Campo Troupial,Icterus jamacaii
Jamaican Oriole,Icterus leucopteryx
Yellow-tailed Oriole,Icterus mesomelas
Yellow Oriole,Icterus nigrogularis
Scott's Oriole,Icterus parisorum
Spot-breasted Oriole,Icterus pectoralis
Puerto Rican Oriole,Icterus portoricensis
Black-cowled Oriole,Icterus prosthemelas
Streak-backed Oriole,Icterus pustulatus
Variable Oriole,Icterus pyrrhopterus
Orchard Oriole,Icterus spurius
Black-vented Oriole,Icterus wagleri
Black Eagle,Ictinaetus malaiensis
Mississippi Kite,Ictinia mississippiensis
Plumbeous Kite,Ictinia plumbea
Booted Warbler,Iduna caligata
African Yellow-Warbler,Iduna natalensis
Western Olivaceous Warbler,Iduna opaca
Eastern Olivaceous Warbler,Iduna pallida
Sykes's Warbler,Iduna rama
Mountain Yellow-Warbler,Iduna similis
Blue-capped Ifrita,Ifrita kowaldi
Pin-tailed Manakin,Ilicura militaris
Scaly-breasted Illadopsis,Illadopsis albipectus
Blackcap Illadopsis,Illadopsis cleaveri
Brown Illadopsis,Illadopsis fulvescens
Puvel's Illadopsis,Illadopsis puveli
Mountain Illadopsis,Illadopsis pyrrhoptera
Pale-breasted Illadopsis,Illadopsis rufipennis
Buff-bridled Inca-Finch,Incaspiza laeta
Gray-winged Inca-Finch,Incaspiza ortizi
Rufous-backed Inca-Finch,Incaspiza personata
Gulf Coast Toad,Incilius valliceps
Greater Honeyguide,Indicator indicator
Lesser Honeyguide,Indicator minor
Scaly-throated Honeyguide,Indicator variegatus
Pale-tipped Tyrannulet,Inezia caudata
Plain Tyrannulet,Inezia inornata
Amazonian Tyrannulet,Inezia subflava
Slender-billed Tyrannulet,Inezia tenuirostris
White-browed Purpletuft,Iodopleura isabellae
Buff-throated Purpletuft,Iodopleura pipra
Buff-vented Bulbul,Iole crypta
Yellow-browed Bulbul,Iole indica
Gray-eyed Bulbul,Iole propinqua
Olive Bulbul,Iole viridescens
White-throated Robin,Irania gutturalis
Philippine Fairy-bluebird,Irena cyanogastra
Asian Fairy-bluebird,Irena puella
Yellow-throated Tanager,Iridosornis analis
Purplish-mantled Tanager,Iridosornis porphyrocephalus
Golden-crowned Tanager,Iridosornis rufivertex
Rufous-bellied Antwren,Isleria guttata
Plain-throated Antwren,Isleria hauxwelli
Blood Pheasant,Ithaginis cruentus
Cinnamon Bittern,Ixobrychus cinnamomeus
Black-backed Bittern,Ixobrychus dubius
Schrenck's Bittern,Ixobrychus eurhythmus
Least Bittern,Ixobrychus exilis
Black Bittern,Ixobrychus flavicollis
Stripe-backed Bittern,Ixobrychus involucris
Little Bittern,Ixobrychus minutus
Yellow Bittern,Ixobrychus sinensis
Spotted Greenbul,Ixonotus guttatus
Varied Thrush,Ixoreus naevius
Streaked Bulbul,Ixos malaccensis
Mountain Bulbul,Ixos mcclellandii
Speckled Tanager,Ixothraupis guttata
Spotted Tanager,Ixothraupis punctata
Rufous-throated Tanager,Ixothraupis rufigula
Dotted Tanager,Ixothraupis varia
Jabiru,Jabiru mycteria
Three-toed Jacamar,Jacamaralcyon tridactyla
Great Jacamar,Jacamerops aureus
Wattled Jacana,Jacana jacana
Northern Jacana,Jacana spinosa
Dark-eyed Junco,Junco hyemalis
Yellow-eyed Junco,Junco phaeonotus
Rufous-necked Wryneck,Jynx ruficollis
Eurasian Wryneck,Jynx torquilla
Gray-chested Babbler,Kakamega poliothorax
Lizard Buzzard,Kaupifalco monogrammicus
Striped Wren-Babbler,Kenopia striata
Blakiston's Fish-Owl,Ketupa blakistoni
Buffy Fish-Owl,Ketupa ketupu
Brown Fish-Owl,Ketupa zeylonensis
Violet-headed Hummingbird,Klais guimeti
Black-capped Hemispingus,Kleinothraupis atropileus
Parodi's Hemispingus,Kleinothraupis parodii
White-winged Black-Tyrant,Knipolegus aterrimus
Hudson's Black-Tyrant,Knipolegus hudsoni
Riverside Tyrant,Knipolegus orenocensis
Rufous-tailed Tyrant,Knipolegus poecilurus
Purple-naped Spiderhunter,Kurochkinegramma hypogrammicum
Banded Kingfisher,Lacedo pulchella
Mountain Velvetbreast,Lafresnaya lafresnayi
Jameson's Firefinch,Lagonosticta rhodopareia
African Firefinch,Lagonosticta rubricata
Red-billed Firefinch,Lagonosticta senegala
Willow Ptarmigan,Lagopus lagopus
White-tailed Ptarmigan,Lagopus leucura
Rock Ptarmigan,Lagopus muta
Rufous-bellied Triller,Lalage aurea
Lesser Cuckooshrike,Lalage fimbriata
Varied Triller,Lalage leucomela
Long-tailed Triller,Lalage leucopyga
Polynesian Triller,Lalage maculosa
Black-headed Cuckooshrike,Lalage melanoptera
Black-winged Cuckooshrike,Lalage melaschistos
Pied Triller,Lalage nigra
White-winged Triller,Lalage tricolor
Amethyst-throated Mountain-gem,Lampornis amethystinus
Blue-throated Mountain-gem,Lampornis clemenciae
Green-breasted Mountain-gem,Lampornis sybillae
Green-throated Mountain-gem,Lampornis viridipallens
Velvet-fronted Grackle,Lampropsar tanagrinus
Red-billed Pied Tanager,Lamprospiza melanoleuca
Burchell's Starling,Lamprotornis australis
African Pied Starling,Lamprotornis bicolor
Long-tailed Glossy Starling,Lamprotornis caudatus
Greater Blue-eared Starling,Lamprotornis chalybaeus
Lesser Blue-eared Starling,Lamprotornis chloropterus
Hildebrandt's Starling,Lamprotornis hildebrandti
Meves's Starling,Lamprotornis mevesii
Cape Starling,Lamprotornis nitens
Rüppell's Starling,Lamprotornis purpuroptera
Splendid Starling,Lamprotornis splendidus
Superb Starling,Lamprotornis superbus
Ashy Starling,Lamprotornis unicolor
Ethiopian Boubou,Laniarius aethiopicus
Crimson-breasted Gonolek,Laniarius atrococcineus
Yellow-breasted Boubou,Laniarius atroflavus
Yellow-crowned Gonolek,Laniarius barbarus
Gabon Boubou,Laniarius bicolor
Black-headed Gonolek,Laniarius erythrogaster
Southern Boubou,Laniarius ferrugineus
Fülleborn's Boubou,Laniarius fuelleborni
Slate-colored Boubou,Laniarius funebris
Lühder's Bushshrike,Laniarius luehderi
Tropical Boubou,Laniarius major
Papyrus Gonolek,Laniarius mufumbiri
Western Boubou,Laniarius poensis
Zanzibar Boubou,Laniarius sublacteus
Shrike-like Cotinga,Laniisoma elegans
Black-throated Shrike-Tanager,Lanio aurantius
Fulvous Shrike-Tanager,Lanio fulvus
White-throated Shrike-Tanager,Lanio leucothorax
White-winged Shrike-Tanager,Lanio versicolor
Cinereous Mourner,Laniocera hypopyrra
Speckled Mourner,Laniocera rufescens
Northern Shrike,Lanius borealis
Bull-headed Shrike,Lanius bucephalus
Long-tailed Fiscal,Lanius cabanisi
Southern Fiscal,Lanius collaris
Red-backed Shrike,Lanius collurio
Burmese Shrike,Lanius collurioides
Yellow-billed Shrike,Lanius corvinus
Brown Shrike,Lanius cristatus
Great Gray Shrike,Lanius excubitor
Northern Fiscal,Lanius humeralis
Isabelline Shrike,Lanius isabellinus
Loggerhead Shrike,Lanius ludovicianus
Iberian Gray Shrike,Lanius meridionalis
Lesser Gray Shrike,Lanius minor
Masked Shrike,Lanius nubicus
Red-tailed Shrike,Lanius phoenicuroides
Long-tailed Shrike,Lanius schach
Woodchat Shrike,Lanius senator
Chinese Gray Shrike,Lanius sphenocercus
Gray-backed Shrike,Lanius tephronotus
Tiger Shrike,Lanius tigrinus
Bay-backed Shrike,Lanius vittatus
Inca Tern,Larosterna inca
Herring Gull,Larus argentatus
Belcher's Gull,Larus belcheri
Short-billed Gull,Larus brachyrhynchus
Caspian Gull,Larus cachinnans
California Gull,Larus californicus
Common Gull,Larus canus
Black-tailed Gull,Larus crassirostris
Ring-billed Gull,Larus delawarensis
Kelp Gull,Larus dominicanus
Lesser Black-backed Gull,Larus fuscus
Glaucous-winged Gull,Larus glaucescens
Iceland Gull,Larus glaucoides
Heermann's Gull,Larus heermanni
Glaucous Gull,Larus hyperboreus
Yellow-footed Gull,Larus livens
Great Black-backed Gull,Larus marinus
Yellow-legged Gull,Larus michahellis
Western Gull,Larus occidentalis
Slaty-backed Gull,Larus schistisagus
Japanese Robin,Larvivora akahige
Indian Blue Robin,Larvivora brunnea
Siberian Blue Robin,Larvivora cyane
Ryukyu Robin,Larvivora komadori
Rufous-tailed Robin,Larvivora sibilans
White-throated Crake,Laterallus albigularis
Gray-breasted Crake,Laterallus exilis
Black Rail,Laterallus jamaicensis
Red-and-white Crake,Laterallus leucopyrrhus
Rusty-flanked Crake,Laterallus levraudi
Rufous-sided Crake,Laterallus melanophaius
Ruddy Crake,Laterallus ruber
Rufous-faced Crake,Laterallus xenopterus
Swift Parrot,Lathamus discolor
Euler's Flycatcher,Lathrotriccus euleri
Gray-breasted Flycatcher,Lathrotriccus griseipectus
Swamp Grass Babbler,Laticilla cinerascens
Piratic Flycatcher,Legatus leucophaius
Yellow-crowned Woodpecker,Leiopicus mahrattensis
Rufous-backed Sibia,Leioptila annectens
Orange-crowned Warbler,Leiothlypis celata
Colima Warbler,Leiothlypis crissalis
Lucy's Warbler,Leiothlypis luciae
Tennessee Warbler,Leiothlypis peregrina
Nashville Warbler,Leiothlypis ruficapilla
Virginia's Warbler,Leiothlypis virginiae
Silver-eared Mesia,Leiothrix argentauris
Red-billed Leiothrix,Leiothrix lutea
Peruvian Meadowlark,Leistes bellicosus
Long-tailed Meadowlark,Leistes loyca
Red-breasted Meadowlark,Leistes militaris
White-browed Meadowlark,Leistes superciliaris
Spot-crowned Woodcreeper,Lepidocolaptes affinis
Guianan Woodcreeper,Lepidocolaptes albolineatus
Narrow-billed Woodcreeper,Lepidocolaptes angustirostris
Duida Woodcreeper,Lepidocolaptes duidae
Scalloped Woodcreeper,Lepidocolaptes falcinellus
Inambari Woodcreeper,Lepidocolaptes fatimalimae
Dusky-capped Woodcreeper,Lepidocolaptes fuscicapillus
Montane Woodcreeper,Lepidocolaptes lacrymiger
White-striped Woodcreeper,Lepidocolaptes leucogaster
Streak-headed Woodcreeper,Lepidocolaptes souleyetii
Scaled Woodcreeper,Lepidocolaptes squamatus
Blue-crowned Manakin,Lepidothrix coronata
Opal-crowned Manakin,Lepidothrix iris
Blue-rumped Manakin,Lepidothrix isidorei
Snow-capped Manakin,Lepidothrix nattereri
White-fronted Manakin,Lepidothrix serena
Orange-bellied Manakin,Lepidothrix suavissima
Plain-mantled Tit-Spinetail,Leptasthenura aegithaloides
Andean Tit-Spinetail,Leptasthenura andicola
Brown-capped Tit-Spinetail,Leptasthenura fuliginiceps
Rusty-crowned Tit-Spinetail,Leptasthenura pileata
Tufted Tit-Spinetail,Leptasthenura platensis
Araucaria Tit-Spinetail,Leptasthenura setaria
Streaked Tit-Spinetail,Leptasthenura striata
Striolated Tit-Spinetail,Leptasthenura striolata
White-browed Tit-Spinetail,Leptasthenura xenothorax
Black Sunbird,Leptocoma aspasia
Van Hasselt's Sunbird,Leptocoma brasiliana
Copper-throated Sunbird,Leptocoma calcostetha
Crimson-backed Sunbird,Leptocoma minima
Purple-throated Sunbird,Leptocoma sperata
Purple-rumped Sunbird,Leptocoma zeylonica
Gray-headed Kite,Leptodon cayanensis
White-browed Tit-Warbler,Leptopoecile sophiae
Sepia-capped Flycatcher,Leptopogon amaurocephalus
Rufous-breasted Flycatcher,Leptopogon rufipectus
Slaty-capped Flycatcher,Leptopogon superciliaris
Inca Flycatcher,Leptopogon taczanowskii
Marabou Stork,Leptoptilos crumenifer
Golden-plumed Parakeet,Leptosittaca branickii
Cuckoo-roller,Leptosomus discolor
Gray-chested Dove,Leptotila cassinii
Tolima Dove,Leptotila conoveri
Caribbean Dove,Leptotila jamaicensis
Large-tailed Dove,Leptotila megalura
Ochre-bellied Dove,Leptotila ochraceiventris
Pallid Dove,Leptotila pallida
Gray-headed Dove,Leptotila plumbeiceps
Gray-fronted Dove,Leptotila rufaxilla
White-tipped Dove,Leptotila verreauxi
Green-tailed Trainbearer,Lesbia nuna
Black-tailed Trainbearer,Lesbia victoriae
Buffy Hummingbird,Leucippus fallax
White-throated Hummingbird,Leucochloris albicollis
Siberian Crane,Leucogeranus leucogeranus
Violet-crowned Hummingbird,Leucolia violiceps
Laughing Gull,Leucophaeus atricilla
Gray Gull,Leucophaeus modestus
Franklin's Gull,Leucophaeus pipixcan
Dolphin Gull,Leucophaeus scoresbii
White-browed Hawk,Leucopternis kuhli
Black-faced Hawk,Leucopternis melanops
Semiplumbeous Hawk,Leucopternis semiplumbeus
Wonga Pigeon,Leucosarcia melanoleuca
Black Rosy-Finch,Leucosticte atrata
Brown-capped Rosy-Finch,Leucosticte australis
Gray-crowned Rosy-Finch,Leucosticte tephrocotis
Lewin's Rail,Lewinia pectoralis
Slaty-breasted Rail,Lewinia striata
Purple-gaped Honeyeater,Lichenostomus cratitius
Yellow-tufted Honeyeater,Lichenostomus melanops
Dark-brown Honeyeater,Lichmera incana
Brown Honeyeater,Lichmera indistincta
Indonesian Honeyeater,Lichmera limbata
White-tufted Honeyeater,Lichmera squamata
Straight-billed Reedhaunter,Limnoctites rectirostris
Sulphur-bearded Reedhaunter,Limnoctites sulphuriferus
Short-billed Dowitcher,Limnodromus griseus
Long-billed Dowitcher,Limnodromus scolopaceus
Asian Dowitcher,Limnodromus semipalmatus
Curve-billed Reedhaunter,Limnornis curvirostris
Swainson's Warbler,Limnothlypis swainsonii
Marbled Godwit,Limosa fedoa
Hudsonian Godwit,Limosa haemastica
Bar-tailed Godwit,Limosa lapponica
Black-tailed Godwit,Limosa limosa
Eurasian Linnet,Linaria cannabina
Twite,Linaria flavirostris
Yemen Linnet,Linaria yemenensis
Red-faced Liocichla,Liocichla phoenicea
Scarlet-faced Liocichla,Liocichla ripponi
Steere's Liocichla,Liocichla steerii
Golden-breasted Fulvetta,Lioparus chrysotis
Rusty-belted Tapaculo,Liosceles thoracicus
Black-and-gold Cotinga,Lipaugus ater
Dusky Piha,Lipaugus fuscocinereus
Cinnamon-vented Piha,Lipaugus lanioides
Rufous Piha,Lipaugus unirufus
Screaming Piha,Lipaugus vociferans
Chestnut-capped Piha,Lipaugus weberi
American Bullfrog,Lithobates catesbeianus
Green Frog,Lithobates clamitans
Pickerel Frog,Lithobates palustris
Wood Frog,Lithobates sylvaticus
Sharp-tailed Streamcreeper,Lochmias nematura
Taiwan Bush Warbler,Locustella alishanensis
Long-tailed Bush Warbler,Locustella caudata
Baikal Bush Warbler,Locustella davidi
River Warbler,Locustella fluviatilis
Lanceolated Warbler,Locustella lanceolata
Savi's Warbler,Locustella luscinioides
Brown Bush Warbler,Locustella luteoventris
Russet Bush Warbler,Locustella mandelli
Javan Bush Warbler,Locustella montis
Common Grasshopper-Warbler,Locustella naevia
Chinese Bush Warbler,Locustella tacsanowskia
Spotted Bush Warbler,Locustella thoracica
Chestnut Munia,Lonchura atricapilla
Chestnut-breasted Munia,Lonchura castaneothorax
Black-throated Munia,Lonchura kelaarti
Javan Munia,Lonchura leucogastroides
White-headed Munia,Lonchura maja
Tricolored Munia,Lonchura malacca
Scaly-breasted Munia,Lonchura punctulata
White-rumped Munia,Lonchura striata
Long-crested Eagle,Lophaetus occipitalis
Crowned Hornbill,Lophoceros alboterminatus
Red-billed Dwarf Hornbill,Lophoceros camurus
African Pied Hornbill,Lophoceros fasciatus
Hemprich's Hornbill,Lophoceros hemprichii
African Gray Hornbill,Lophoceros nasutus
Pink Cockatoo,Lophochroa leadbeateri
Hooded Merganser,Lophodytes cucullatus
Crested Duck,Lophonetta specularioides
Crested Tit,Lophophanes cristatus
Gray-crested Tit,Lophophanes dichrous
Himalayan Monal,Lophophorus impejanus
Greater Lophorina,Lophorina superba
Crested Owl,Lophostrix cristata
Long-crested Pygmy-Tyrant,Lophotriccus eulophotes
Helmeted Pygmy-Tyrant,Lophotriccus galeatus
Scale-crested Pygmy-Tyrant,Lophotriccus pileatus
Double-banded Pygmy-Tyrant,Lophotriccus vitiosus
Rufous-bellied Eagle,Lophotriorchis kienerii
Kalij Pheasant,Lophura leucomelanos
Sri Lanka Hanging-Parrot,Loriculus beryllinus
Blue-crowned Hanging-Parrot,Loriculus galgulus
Philippine Hanging-Parrot,Loriculus philippensis
Vernal Hanging-Parrot,Loriculus vernalis
Flame-crested Tanager,Loriotus cristatus
White-shouldered Tanager,Loriotus luctuosus
Yellow-bibbed Lory,Lorius chlorocercus
Black-capped Lory,Lorius lory
Red Crossbill,Loxia curvirostra
White-winged Crossbill,Loxia leucoptera
Parrot Crossbill,Loxia pytyopsittacus
Scottish Crossbill,Loxia scotica
Cassia Crossbill,Loxia sinesciuris
Lesser Antillean Bullfinch,Loxigilla noctis
Palila,Loxioides bailleui
Akekee,Loxops caeruleirostris
Hawaii Akepa,Loxops coccineus
Hawaii Creeper,Loxops mana
Wood Lark,Lullula arborea
Rufous-bellied Nighthawk,Lurocalis rufiventris
Short-tailed Nighthawk,Lurocalis semitorquatus
Thrush Nightingale,Luscinia luscinia
Common Nightingale,Luscinia megarhynchos
White-bellied Redstart,Luscinia phaenicuroides
Bluethroat,Luscinia svecica
Double-toothed Barbet,Lybius bidentatus
Black-billed Barbet,Lybius guifsobalito
Black-collared Barbet,Lybius torquatus
Vieillot's Barbet,Lybius vieilloti
Paradise-crow,Lycocorax pyrrhopterus
Jack Snipe,Lymnocryptes minimus
Great Eared-Nightjar,Lyncornis macrotis
Malaysian Eared-Nightjar,Lyncornis temminckii
Black Grouse,Lyrurus tetrix
Yellow-breasted Boatbill,Machaerirhynchus flaviventer
Black-breasted Boatbill,Machaerirhynchus nigripectus
Club-winged Manakin,Machaeropterus deliciosus
Fiery-capped Manakin,Machaeropterus pyrocephalus
Kinglet Manakin,Machaeropterus regulus
Striolated Manakin,Machaeropterus striolatus
Bat Hawk,Macheiramphus alcinus
Cattle Tyrant,Machetornis rixosa
Indian Yellow Tit,Machlolophus aplonotus
Taiwan Yellow Tit,Machlolophus holsti
White-naped Tit,Machlolophus nuchalis
Yellow-cheeked Tit,Machlolophus spilonotus
Himalayan Black-lored Tit,Machlolophus xanthogenys
Large-tailed Antshrike,Mackenziaena leachii
Tufted Antshrike,Mackenziaena severa
Golden-tufted Grackle,Macroagelaius imthurni
Mountain Grackle,Macroagelaius subalaris
Fluffy-backed Tit-Babbler,Macronus ptilosus
Brown Tit-Babbler,Macronus striaticeps
Orange-throated Longclaw,Macronyx capensis
Yellow-throated Longclaw,Macronyx croceus
Fülleborn's Longclaw,Macronyx fuelleborni
Amboyna Cuckoo-Dove,Macropygia amboinensis
Sultan's Cuckoo-Dove,Macropygia doreya
Mackinlay's Cuckoo-Dove,Macropygia mackinlayi
Brown Cuckoo-Dove,Macropygia phasianella
Little Cuckoo-Dove,Macropygia ruficeps
Philippine Cuckoo-Dove,Macropygia tenuirostris
Barred Cuckoo-Dove,Macropygia unchall
Gray Longbill,Macrosphenus concolor
Yellow Longbill,Macrosphenus flavicans
Kemp's Longbill,Macrosphenus kempi
Anianiau,Magumma parva
Abbott's Babbler,Malacocincla abbotti
Horsfield's Babbler,Malacocincla sepiaria
Gray-headed Bushshrike,Malaconotus blanchoti
Sooty-capped Babbler,Malacopteron affine
Scaly-crowned Babbler,Malacopteron cinereum
Moustached Babbler,Malacopteron magnirostre
Rufous-crowned Babbler,Malacopteron magnum
Black-streaked Puffbird,Malacoptila fulvogularis
White-chested Puffbird,Malacoptila fusca
Moustached Puffbird,Malacoptila mystacalis
White-whiskered Puffbird,Malacoptila panamensis
Rufous-necked Puffbird,Malacoptila rufa
Semicollared Puffbird,Malacoptila semicincta
Crescent-chested Puffbird,Malacoptila striata
Pink-eared Duck,Malacorhynchus membranaceus
Rufous-eared Warbler,Malcorus pectoralis
Malia,Malia grata
Blue-billed Malimbe,Malimbus nitens
McGregor's Cuckooshrike,Malindangia mcgregori
White-shouldered Fairywren,Malurus alboscapulatus
Lovely Fairywren,Malurus amabilis
Purple-backed Fairywren,Malurus assimilis
Superb Fairywren,Malurus cyaneus
Emperor Fairywren,Malurus cyanocephalus
Red-winged Fairywren,Malurus elegans
Variegated Fairywren,Malurus lamberti
White-winged Fairywren,Malurus leucopterus
Red-backed Fairywren,Malurus melanocephalus
Splendid Fairywren,Malurus splendens
Orange-collared Manakin,Manacus aurantiacus
White-collared Manakin,Manacus candei
White-bearded Manakin,Manacus manacus
Golden-collared Manakin,Manacus vitellinus
Yellow-throated Miner,Manorina flavigula
Noisy Miner,Manorina melanocephala
Bell Miner,Manorina melanophrys
American Wigeon,Mareca americana
Falcated Duck,Mareca falcata
Eurasian Wigeon,Mareca penelope
Chiloe Wigeon,Mareca sibilatrix
Gadwall,Mareca strepera
Pearly-eyed Thrasher,Margarops fuscatus
Ruddy Treerunner,Margarornis rubiginosus
Pearled Treerunner,Margarornis squamiger
Golden-winged Manakin,Masius chrysopterus
White-bellied Spinetail,Mazaria propinqua
Buff-banded Tyrannulet,Mecocerculus hellmayri
White-throated Tyrannulet,Mecocerculus leucophrys
Sulphur-bellied Tyrannulet,Mecocerculus minor
White-tailed Tyrannulet,Mecocerculus poecilocercus
White-banded Tyrannulet,Mecocerculus stictopterus
Belted Kingfisher,Megaceryle alcyon
Crested Kingfisher,Megaceryle lugubris
Giant Kingfisher,Megaceryle maxima
Ringed Kingfisher,Megaceryle torquata
Striated Grassbird,Megalurus palustris
Tabon Scrubfowl,Megapodius cumingii
Melanesian Scrubfowl,Megapodius eremita
Dusky Scrubfowl,Megapodius freycinet
Orange-footed Scrubfowl,Megapodius reinwardt
Boat-billed Flycatcher,Megarynchus pitangua
White-throated Screech-Owl,Megascops albogularis
Eastern Screech-Owl,Megascops asio
Black-capped Screech-Owl,Megascops atricapilla
Choco Screech-Owl,Megascops centralis
Tropical Screech-Owl,Megascops choliba
Bare-shanked Screech-Owl,Megascops clarkii
Pacific Screech-Owl,Megascops cooperi
Santa Marta Screech-Owl,Megascops gilesi
Middle American Screech-Owl,Megascops guatemalae
Montane Forest Screech-Owl,Megascops hoyi
Rufescent Screech-Owl,Megascops ingens
Western Screech-Owl,Megascops kennicottii
Koepcke's Screech-Owl,Megascops koepckeae
Cinnamon Screech-Owl,Megascops petersoni
Peruvian Screech-Owl,Megascops roboratus
Foothill Screech-Owl,Megascops roraimae
Long-tufted Screech-Owl,Megascops sanctaecatarinae
Balsas Screech-Owl,Megascops seductus
Whiskered Screech-Owl,Megascops trichopsis
Tawny-bellied Screech-Owl,Megascops watsonii
Pearly Antshrike,Megastictus margaritatus
Great Xenops,Megaxenops parnaguae
Buff-rumped Woodpecker,Meiglyptes tristis
Buff-necked Woodpecker,Meiglyptes tukki
Northern Black-Flycatcher,Melaenornis edolioides
White-eyed Slaty-Flycatcher,Melaenornis fischeri
Southern Black-Flycatcher,Melaenornis pammelaina
Fiscal Flycatcher,Melaenornis silens
Lesser Melampitta,Melampitta lugubris
Golden-fronted Woodpecker,Melanerpes aurifrons
White-fronted Woodpecker,Melanerpes cactorum
White Woodpecker,Melanerpes candidus
Red-bellied Woodpecker,Melanerpes carolinus
Golden-naped Woodpecker,Melanerpes chrysauchen
Golden-cheeked Woodpecker,Melanerpes chrysogenys
Yellow-tufted Woodpecker,Melanerpes cruentatus
Red-headed Woodpecker,Melanerpes erythrocephalus
Yellow-fronted Woodpecker,Melanerpes flavifrons
Acorn Woodpecker,Melanerpes formicivorus
Hoffmann's Woodpecker,Melanerpes hoffmannii
Gray-breasted Woodpecker,Melanerpes hypopolius
Lewis's Woodpecker,Melanerpes lewis
Puerto Rican Woodpecker,Melanerpes portoricensis
Black-cheeked Woodpecker,Melanerpes pucherani
Yucatan Woodpecker,Melanerpes pygmaeus
Jamaican Woodpecker,Melanerpes radiolatus
Red-crowned Woodpecker,Melanerpes rubricapillus
Hispaniolan Woodpecker,Melanerpes striatus
West Indian Woodpecker,Melanerpes superciliaris
Gila Woodpecker,Melanerpes uropygialis
Gray Tit,Melaniparus afer
White-bellied Tit,Melaniparus albiventris
Ashy Tit,Melaniparus cinerascens
Dusky Tit,Melaniparus funereus
White-winged Black-Tit,Melaniparus leucomelas
Southern Black-Tit,Melaniparus niger
Rufous-bellied Tit,Melaniparus rufiventris
Somali Tit,Melaniparus thruppi
Black Scoter,Melanitta americana
Velvet Scoter,Melanitta fusca
Common Scoter,Melanitta nigra
Surf Scoter,Melanitta perspicillata
Sultan Tit,Melanochlora sultanea
Calandra Lark,Melanocorypha calandra
Tibetan Lark,Melanocorypha maxima
White-bridled Finch,Melanodera melanodera
Yellow-bridled Finch,Melanodera xanthogramma
Hooded Robin,Melanodryas cucullata
Dusky Robin,Melanodryas vittata
Elegant Crescentchest,Melanopareia elegans
Marañon Crescentchest,Melanopareia maranonica
Olive-crowned Crescentchest,Melanopareia maximiliani
Collared Crescentchest,Melanopareia torquata
Black Catbird,Melanoptila glabrirostris
Black Pitohui,Melanorectes nigrescens
Black-faced Grassquit,Melanospiza bicolor
Blue Mockingbird,Melanotis caerulescens
Blue-and-white Mockingbird,Melanotis hypoleucus
Wild Turkey,Meleagris gallopavo
Ocellated Turkey,Meleagris ocellata
Makira Honeyeater,Meliarchus sclateri
Belford's Melidectes,Melidectes belfordi
Yellow-browed Melidectes,Melidectes rufocrissalis
Hook-billed Kingfisher,Melidora macrorrhina
Lewin's Honeyeater,Meliphaga lewinii
Yellow-spotted Honeyeater,Meliphaga notata
Black-headed Honeyeater,Melithreptus affinis
White-throated Honeyeater,Melithreptus albogularis
Brown-headed Honeyeater,Melithreptus brevirostris
Gilbert's Honeyeater,Melithreptus chloropsis
Black-chinned Honeyeater,Melithreptus gularis
White-naped Honeyeater,Melithreptus lunatus
Strong-billed Honeyeater,Melithreptus validirostris
Bee Hummingbird,Mellisuga helenae
Vervain Hummingbird,Mellisuga minima
Moustached Grass-Warbler,Melocichla mentalis
Budgerigar,Melopsittacus undulatus
Puerto Rican Bullfinch,Melopyrrha portoricensis
Greater Antillean Bullfinch,Melopyrrha violacea
Swamp Sparrow,Melospiza georgiana
Lincoln's Sparrow,Melospiza lincolnii
Song Sparrow,Melospiza melodia
Abert's Towhee,Melozone aberti
White-throated Towhee,Melozone albicollis
White-faced Ground-Sparrow,Melozone biarcuata
Cabanis's Ground-Sparrow,Melozone cabanisi
California Towhee,Melozone crissalis
Canyon Towhee,Melozone fusca
Rusty-crowned Ground-Sparrow,Melozone kieneri
White-eared Ground-Sparrow,Melozone leucotis
Albert's Lyrebird,Menura alberti
Superb Lyrebird,Menura novaehollandiae
Smew,Mergellus albellus
Common Merganser,Mergus merganser
Red-breasted Merganser,Mergus serrator
White-throated Bee-eater,Merops albicollis
European Bee-eater,Merops apiaster
White-fronted Bee-eater,Merops bullockoides
Red-throated Bee-eater,Merops bulocki
Swallow-tailed Bee-eater,Merops hirundineus
Chestnut-headed Bee-eater,Merops leschenaulti
Cinnamon-chested Bee-eater,Merops oreobates
Green Bee-eater,Merops orientalis
Rainbow Bee-eater,Merops ornatus
Blue-cheeked Bee-eater,Merops persicus
Blue-tailed Bee-eater,Merops philippinus
Little Bee-eater,Merops pusillus
Madagascar Bee-eater,Merops superciliosus
Blue-breasted Bee-eater,Merops variegatus
Blue-throated Bee-eater,Merops viridis
Slaty Bristlefront,Merulaxis ater
Green Ibis,Mesembrinibis cayennensis
Brown Mesite,Mesitornis unicolor
White-breasted Mesite,Mesitornis variegatus
Tyrian Metaltail,Metallura tyrianthina
Viridian Metaltail,Metallura williami
Bronze-winged Jacana,Metopidius indicus
Orange-fronted Plushcrown,Metopothrix aurantiaca
Black-winged Ground Dove,Metriopelia melanoptera
Buckley's Forest-Falcon,Micrastur buckleyi
Lined Forest-Falcon,Micrastur gilvicollis
Cryptic Forest-Falcon,Micrastur mintoni
Slaty-backed Forest-Falcon,Micrastur mirandollei
Barred Forest-Falcon,Micrastur ruficollis
Collared Forest-Falcon,Micrastur semitorquatus
Elf Owl,Micrathene whitneyi
Tawny-faced Gnatwren,Microbates cinereiventris
Collared Gnatwren,Microbates collaris
Little Cormorant,Microcarbo niger
Greater Angle-wing,Microcentrum rhombifolium
Wing-banded Wren,Microcerculus bambla
Scaly-breasted Wren,Microcerculus marginatus
Nightingale Wren,Microcerculus philomela
Flutist Wren,Microcerculus ustulatus
Jacky-winter,Microeca fascinans
Lemon-bellied Flycatcher,Microeca flavigaster
Black-thighed Falconet,Microhierax fringillarius
Lanceolated Monklet,Micromonacha lanceolata
Gabar Goshawk,Micronisus gabar
Finsch's Pygmy-Parrot,Micropsitta finschii
Rufous Woodpecker,Micropternus brachyurus
Ocellated Crake,Micropygia schomburgkii
Dot-winged Antwren,Microrhopias quixensis
Gray-throated Warbling Finch,Microspingus cabanisi
Rusty-browed Warbling Finch,Microspingus erythrophrys
Buff-throated Warbling Finch,Microspingus lateralis
Black-capped Warbling Finch,Microspingus melanoleucus
Ringed Warbling Finch,Microspingus torquatus
Rufous-tailed Xenops,Microxenops milleri
Yellow-headed Caracara,Milvago chimachima
Chimango Caracara,Milvago chimango
Black Kite,Milvus migrans
Red Kite,Milvus milvus
Brown-backed Mockingbird,Mimus dorsalis
Tropical Mockingbird,Mimus gilvus
Bahama Mockingbird,Mimus gundlachii
Long-tailed Mockingbird,Mimus longicaudatus
Patagonian Mockingbird,Mimus patagonicus
Northern Mockingbird,Mimus polyglottos
Chalk-browed Mockingbird,Mimus saturninus
Chilean Mockingbird,Mimus thenca
White-banded Mockingbird,Mimus triurus
Red-tailed Minla,Minla ignotincta
Yellow-faced Myna,Mino dumontii
Long-tailed Myna,Mino kreffti
Miogryllus saussurei,Miogryllus saussurei
McConnell's Flycatcher,Mionectes macconnelli
Ochre-bellied Flycatcher,Mionectes oleagineus
Olive-striped Flycatcher,Mionectes olivaceus
Gray-hooded Flycatcher,Mionectes rufiventris
Streak-necked Flycatcher,Mionectes striaticollis
Jerdon's Bushlark,Mirafra affinis
Rufous-naped Lark,Mirafra africana
Cape Clapper Lark,Mirafra apiata
Bengal Bushlark,Mirafra assamica
Singing Bushlark,Mirafra cantillans
Latakoo Lark,Mirafra cheniana
Indochinese Bushlark,Mirafra erythrocephala
Indian Bushlark,Mirafra erythroptera
Eastern Clapper Lark,Mirafra fasciolata
Australasian Bushlark,Mirafra javanica
Monotonous Lark,Mirafra passerina
Flappet Lark,Mirafra rufocinnamomea
Tufted Flycatcher,Mitrephanes phaeocercus
Dusky-faced Tanager,Mitrospingus cassinii
Olive-backed Tanager,Mitrospingus oleagineus
Salvin's Curassow,Mitu salvini
Crestless Curassow,Mitu tomentosum
Razor-billed Curassow,Mitu tuberosum
Bold-striped Tit-Babbler,Mixornis bornensis
Gray-cheeked Tit-Babbler,Mixornis flavicollis
Pin-striped Tit-Babbler,Mixornis gularis
Gray-faced Tit-Babbler,Mixornis kelleyi
Black-and-white Warbler,Mniotilta varia
Spot-throat,Modulatrix stictigula
Whitehead,Mohoua albicilla
Pipipi,Mohoua novaeseelandiae
Yellowhead,Mohoua ochrocephala
Bronzed Cowbird,Molothrus aeneus
Brown-headed Cowbird,Molothrus ater
Shiny Cowbird,Molothrus bonariensis
Giant Cowbird,Molothrus oryzivorus
Screaming Cowbird,Molothrus rufoaxillaris
Andean Motmot,Momotus aequatorialis
Blue-capped Motmot,Momotus coeruliceps
Lesson's Motmot,Momotus lessonii
Russet-crowned Motmot,Momotus mexicanus
Amazonian Motmot,Momotus momota
Whooping Motmot,Momotus subrufescens
Chestnut-bellied Monarch,Monarcha castaneiventris
Black-winged Monarch,Monarcha frater
Black-faced Monarch,Monarcha melanopsis
White-capped Monarch,Monarcha richardsii
Black Nunbird,Monasa atra
Yellow-billed Nunbird,Monasa flavirostris
White-fronted Nunbird,Monasa morphoeus
Black-fronted Nunbird,Monasa nigrifrons
Palani Laughingthrush,Montecincla fairbanki
Blue-capped Rock-Thrush,Monticola cinclorhyncha
White-throated Rock-Thrush,Monticola gularis
Chestnut-bellied Rock-Thrush,Monticola rufiventris
Cape Rock-Thrush,Monticola rupestris
Rufous-tailed Rock-Thrush,Monticola saxatilis
Forest Rock-Thrush,Monticola sharpei
Blue Rock-Thrush,Monticola solitarius
Blanford's Snowfinch,Montifringilla blanfordi
White-winged Snowfinch,Montifringilla nivalis
White-rumped Snowfinch,Montifringilla taczanowskii
Lesser Ground-Cuckoo,Morococcyx erythropygus
Barred Hawk,Morphnarchus princeps
Crested Eagle,Morphnus guianensis
Northern Gannet,Morus bassanus
African Pied Wagtail,Motacilla aguimp
White Wagtail,Motacilla alba
Cape Wagtail,Motacilla capensis
Gray Wagtail,Motacilla cinerea
Citrine Wagtail,Motacilla citreola
Mountain Wagtail,Motacilla clara
Western Yellow Wagtail,Motacilla flava
Madagascar Wagtail,Motacilla flaviventris
Japanese Wagtail,Motacilla grandis
White-browed Wagtail,Motacilla maderaspatensis
Eastern Yellow Wagtail,Motacilla tschutschensis
Ashy Woodpecker,Mulleripicus fulvus
Great Slaty Woodpecker,Mulleripicus pulverulentus
African Dusky Flycatcher,Muscicapa adusta
Swamp Flycatcher,Muscicapa aquatica
Asian Brown Flycatcher,Muscicapa dauurica
Ferruginous Flycatcher,Muscicapa ferruginea
Gray-streaked Flycatcher,Muscicapa griseisticta
Brown-breasted Flycatcher,Muscicapa muttui
Dark-sided Flycatcher,Muscicapa sibirica
Spotted Flycatcher,Muscicapa striata
Brown-streaked Flycatcher,Muscicapa williamsoni
Short-tailed Field Tyrant,Muscigralla brevicauda
Shear-tailed Gray Tyrant,Muscipipra vetula
White-browed Ground-Tyrant,Muscisaxicola albilora
Spot-billed Ground-Tyrant,Muscisaxicola maculirostris
Ross's Turaco,Musophaga rossae
Ash-throated Crake,Mustelirallus albicollis
Paint-billed Crake,Mustelirallus erythrops
Varied Solitaire,Myadestes coloratus
Cuban Solitaire,Myadestes elisabeth
Rufous-throated Solitaire,Myadestes genibarbis
Black-faced Solitaire,Myadestes melanops
Omao,Myadestes obscurus
Brown-backed Solitaire,Myadestes occidentalis
Puaiohi,Myadestes palmeri
Andean Solitaire,Myadestes ralloides
Townsend's Solitaire,Myadestes townsendi
Slate-colored Solitaire,Myadestes unicolor
Collared Grosbeak,Mycerobas affinis
White-winged Grosbeak,Mycerobas carnipes
Black-and-yellow Grosbeak,Mycerobas icterioides
Wood Stork,Mycteria americana
Painted Stork,Mycteria leucocephala
Shining Flycatcher,Myiagra alecto
Melanesian Flycatcher,Myiagra caledonica
Satin Flycatcher,Myiagra cyanoleuca
Steel-blue Flycatcher,Myiagra ferrocyanea
Moluccan Flycatcher,Myiagra galeata
Restless Flycatcher,Myiagra inquieta
Paperbark Flycatcher,Myiagra nana
Leaden Flycatcher,Myiagra rubecula
Broad-billed Flycatcher,Myiagra ruficollis
Vanikoro Flycatcher,Myiagra vanikorensis
Puerto Rican Flycatcher,Myiarchus antillarum
Apical Flycatcher,Myiarchus apicalis
Sad Flycatcher,Myiarchus barbirostris
Pale-edged Flycatcher,Myiarchus cephalotes
Ash-throated Flycatcher,Myiarchus cinerascens
Great Crested Flycatcher,Myiarchus crinitus
Short-crested Flycatcher,Myiarchus ferox
Nutting's Flycatcher,Myiarchus nuttingi
Panama Flycatcher,Myiarchus panamensis
Sooty-crowned Flycatcher,Myiarchus phaeocephalus
La Sagra's Flycatcher,Myiarchus sagrae
Stolid Flycatcher,Myiarchus stolidus
Swainson's Flycatcher,Myiarchus swainsoni
Dusky-capped Flycatcher,Myiarchus tuberculifer
Brown-crested Flycatcher,Myiarchus tyrannulus
Venezuelan Flycatcher,Myiarchus venezuelensis
Yucatan Flycatcher,Myiarchus yucatanensis
Black-tailed Flycatcher,Myiobius atricaudus
Whiskered Flycatcher,Myiobius barbatus
Sulphur-rumped Flycatcher,Myiobius sulphureipygius
White-fronted Redstart,Myioborus albifrons
Brown-capped Redstart,Myioborus brunniceps
Tepui Redstart,Myioborus castaneocapilla
Yellow-crowned Redstart,Myioborus flavivertex
Spectacled Redstart,Myioborus melanocephalus
Slate-throated Redstart,Myioborus miniatus
Golden-fronted Redstart,Myioborus ornatus
Painted Redstart,Myioborus pictus
Collared Redstart,Myioborus torquatus
Baird's Flycatcher,Myiodynastes bairdii
Golden-crowned Flycatcher,Myiodynastes chrysocephalus
Golden-bellied Flycatcher,Myiodynastes hemichrysus
Sulphur-bellied Flycatcher,Myiodynastes luteiventris
Streaked Flycatcher,Myiodynastes maculatus
White-tailed Robin,Myiomela leucura
Gray Elaenia,Myiopagis caniceps
Yellow-crowned Elaenia,Myiopagis flavivertex
Forest Elaenia,Myiopagis gaimardii
Foothill Elaenia,Myiopagis olallai
Pacific Elaenia,Myiopagis subplacens
Greenish Elaenia,Myiopagis viridicata
Olive-chested Flycatcher,Myiophobus cryptoxanthus
Bran-colored Flycatcher,Myiophobus fasciatus
Flavescent Flycatcher,Myiophobus flavicans
Orange-crested Flycatcher,Myiophobus phoenicomitra
Monk Parakeet,Myiopsitta monachus
White-bellied Pygmy-Tyrant,Myiornis albiventris
Black-capped Pygmy-Tyrant,Myiornis atricapillus
Eared Pygmy-Tyrant,Myiornis auricularis
Short-tailed Pygmy-Tyrant,Myiornis ecaudatus
Smoky Bush-Tyrant,Myiotheretes fumigatus
Rufous-bellied Bush-Tyrant,Myiotheretes fuscorufus
Santa Marta Bush-Tyrant,Myiotheretes pernix
Streak-throated Bush-Tyrant,Myiotheretes striaticollis
Santa Marta Warbler,Myiothlypis basilica
Two-banded Warbler,Myiothlypis bivittata
Golden-bellied Warbler,Myiothlypis chrysogaster
Gray-throated Warbler,Myiothlypis cinereicollis
White-lored Warbler,Myiothlypis conspicillata
Russet-crowned Warbler,Myiothlypis coronata
Flavescent Warbler,Myiothlypis flaveola
Gray-and-gold Warbler,Myiothlypis fraseri
Buff-rumped Warbler,Myiothlypis fulvicauda
White-browed Warbler,Myiothlypis leucoblephara
White-striped Warbler,Myiothlypis leucophrys
Citrine Warbler,Myiothlypis luteoviridis
Black-crested Warbler,Myiothlypis nigrocristata
Riverbank Warbler,Myiothlypis rivularis
Pale-legged Warbler,Myiothlypis signata
Ornate Flycatcher,Myiotriccus ornatus
Rusty-margined Flycatcher,Myiozetetes cayanensis
Gray-capped Flycatcher,Myiozetetes granadensis
Dusky-chested Flycatcher,Myiozetetes luteiventris
Social Flycatcher,Myiozetetes similis
Blue Whistling-Thrush,Myophonus caeruleus
Malabar Whistling-Thrush,Myophonus horsfieldii
Taiwan Whistling-Thrush,Myophonus insularis
Shiny Whistling-Thrush,Myophonus melanurus
Ash-colored Tapaculo,Myornis senilis
White-bellied Antbird,Myrmeciza longipes
Northern Anteater-Chat,Myrmecocichla aethiops
Arnot's Chat,Myrmecocichla arnotti
Southern Anteater-Chat,Myrmecocichla formicivora
Mountain Wheatear,Myrmecocichla monticola
Sooty Chat,Myrmecocichla nigra
Humaita Antbird,Myrmelastes humaythae
Plumbeous Antbird,Myrmelastes hyperythrus
Spot-winged Antbird,Myrmelastes leucostigma
Rufous-faced Antbird,Myrmelastes rufifacies
Slate-colored Antbird,Myrmelastes schistaceus
White-browed Antbird,Myrmoborus leucophrys
White-lined Antbird,Myrmoborus lophotes
Ash-breasted Antbird,Myrmoborus lugubris
Black-tailed Antbird,Myrmoborus melanurus
Black-faced Antbird,Myrmoborus myotherinus
Black-and-white Antbird,Myrmochanes hemileucus
Ferruginous-backed Antbird,Myrmoderus ferrugineus
White-bibbed Antbird,Myrmoderus loricatus
Scalloped Antbird,Myrmoderus ruficauda
Squamate Antbird,Myrmoderus squamosus
Black-throated Antbird,Myrmophylax atrothorax
Stripe-backed Antbird,Myrmorchilus strigilatus
Wing-banded Antbird,Myrmornis torquata
Amazonian Antpitta,Myrmothera berlepschi
Thrush-like Antpitta,Myrmothera campanisona
Thicket Antpitta,Myrmothera dives
White-lored Antpitta,Myrmothera fulviventris
Tepui Antpitta,Myrmothera simplex
Tapajos Antpitta,Myrmothera subcanescens
Yellow-throated Antwren,Myrmotherula ambigua
Leaden Antwren,Myrmotherula assimilis
White-flanked Antwren,Myrmotherula axillaris
Pygmy Antwren,Myrmotherula brachyura
Cherrie's Antwren,Myrmotherula cherriei
Moustached Antwren,Myrmotherula ignota
Ihering's Antwren,Myrmotherula iheringi
Klages's Antwren,Myrmotherula klagesi
Stripe-chested Antwren,Myrmotherula longicauda
Long-winged Antwren,Myrmotherula longipennis
Gray Antwren,Myrmotherula menetriesii
Salvadori's Antwren,Myrmotherula minor
Amazonian Streaked-Antwren,Myrmotherula multostriata
Pacific Antwren,Myrmotherula pacifica
Slaty Antwren,Myrmotherula schisticolor
Sclater's Antwren,Myrmotherula sclateri
Guianan Streaked-Antwren,Myrmotherula surinamensis
Unicolored Antwren,Myrmotherula unicolor
Band-tailed Antwren,Myrmotherula urosticta
Purple-collared Woodstar,Myrtis fanny
Crossley's Vanga,Mystacornis crossleyi
White-eared Myza,Myza sarasinorum
Cardinal Myzomela,Myzomela cardinalis
Red-headed Myzomela,Myzomela erythrocephala
Dusky Myzomela,Myzomela obscura
Red-collared Myzomela,Myzomela rosenbergii
Micronesian Myzomela,Myzomela rubratra
Scarlet Myzomela,Myzomela sanguinolenta
Tepui Parrotlet,Nannopsittaca panychlora
Double-crested Cormorant,Nannopterum auritum
Neotropic Cormorant,Nannopterum brasilianum
Short-tailed Scimitar-Babbler,Napothera danjoui
Eyebrowed Wren-Babbler,Napothera epilepidota
Long-billed Wren-Babbler,Napothera malacoptila
Long-billed Woodcreeper,Nasica longirostris
Malachite Sunbird,Nectarinia famosa
Bronze Sunbird,Nectarinia kilimensis
Hooded Tanager,Nemosia pileata
Gray Monjita,Nengetus cinereus
Crimson Finch,Neochmia phaeton
Red-browed Firetail,Neochmia temporalis
False Robust Conehead,Neoconocephalus bivocatus
Sword-bearing Conehead,Neoconocephalus ensiger
Round-tipped Conehead,Neoconocephalus retusus
Robust Conehead,Neoconocephalus robustus
Finsch's Flycatcher-Thrush,Neocossyphus finschi
Rufous Flycatcher-Thrush,Neocossyphus fraseri
White-tailed Ant-Thrush,Neocossyphus poensis
Red-tailed Ant-Thrush,Neocossyphus rufus
Black Bushbird,Neoctantes niger
Stripe-throated Jery,Neomixis striatigula
Common Jery,Neomixis tenella
Rufous-vented Ground-Cuckoo,Neomorphus geoffroyi
Rufous-winged Ground-Cuckoo,Neomorphus rufipennis
Cuban Ground Cricket,Neonemobius cubensis
Wied's Tyrant-Manakin,Neopelma aurifrons
Saffron-crested Tyrant-Manakin,Neopelma chrysocephalum
Serra do Mar Tyrant-Manakin,Neopelma chrysolophum
Pale-bellied Tyrant-Manakin,Neopelma pallescens
Sulphur-bellied Tyrant-Manakin,Neopelma sulphureiventer
Turquoise Parrot,Neophema pulchella
Cinnamon Manakin-Tyrant,Neopipo cinnamomea
White-banded Tanager,Neothraupis fasciata
Orange-banded Flycatcher,Nephelomyias lintoni
Handsome Flycatcher,Nephelomyias pulcher
Subdesert Brush-Warbler,Nesillas lantzii
Malagasy Brush-Warbler,Nesillas typica
Pink Pigeon,Nesoenas mayeri
Yellow-throated Honeyeater,Nesoptilotis flavicollis
White-eared Honeyeater,Nesoptilotis leucotis
Puerto Rican Tanager,Nesospingus speculiferus
New Zealand Kaka,Nestor meridionalis
Red-crested Pochard,Netta rufina
Cotton Pygmy-Goose,Nettapus coromandelianus
Dark Newtonia,Newtonia amphichroa
Archbold's Newtonia,Newtonia archboldi
Common Newtonia,Newtonia brunneicauda
Western Nicator,Nicator chloris
Eastern Nicator,Nicator gularis
Yellow-throated Nicator,Nicator vireo
Gray-headed Nigrita,Nigrita canicapillus
Brubru,Nilaus afer
Large Niltava,Niltava grandis
Small Niltava,Niltava macgrigoriae
Rufous-bellied Niltava,Niltava sundara
Vivid Niltava,Niltava vivida
Southern Boobook,Ninox boobook
Barking Owl,Ninox connivens
Cinnabar Boobook,Ninox ios
Northern Boobook,Ninox japonica
Morepork,Ninox novaeseelandiae
Hume's Boobook,Ninox obscura
Luzon Boobook,Ninox philippensis
Brown Boobook,Ninox scutulata
Powerful Owl,Ninox strenua
Papuan Boobook,Ninox theomacha
Changeable Hawk-Eagle,Nisaetus cirrhatus
Wallace's Hawk-Eagle,Nisaetus nanus
Mountain Hawk-Eagle,Nisaetus nipalensis
Noise,Noise
Brown Nunlet,Nonnula brunnea
Gray-cheeked Nunlet,Nonnula frontalis
Rusty-breasted Nunlet,Nonnula rubecula
Rufous-capped Nunlet,Nonnula ruficapilla
Greater Bluebonnet,Northiella haematogaster
White-necked Puffbird,Notharchus hyperrhynchus
Guianan Puffbird,Notharchus macrorhynchos
Brown-banded Puffbird,Notharchus ordii
Black-breasted Puffbird,Notharchus pectoralis
Buff-bellied Puffbird,Notharchus swainsoni
Pied Puffbird,Notharchus tectus
Highland Tinamou,Nothocercus bonapartei
Tawny-breasted Tinamou,Nothocercus julius
Hooded Tinamou,Nothocercus nigrocapillus
Nocturnal Curassow,Nothocrax urumutum
Brushland Tinamou,Nothoprocta cinerascens
Ornate Tinamou,Nothoprocta ornata
Andean Tinamou,Nothoprocta pentlandii
Chilean Tinamou,Nothoprocta perdicaria
White-bellied Nothura,Nothura boraquira
Darwin's Nothura,Nothura darwinii
Spotted Nothura,Nothura maculosa
Stitchbird,Notiomystis cincta
Black-bellied Starling,Notopholia corusca
Eurasian Nutcracker,Nucifraga caryocatactes
Clark's Nutcracker,Nucifraga columbiana
Long-billed Curlew,Numenius americanus
Eurasian Curlew,Numenius arquata
Far Eastern Curlew,Numenius madagascariensis
Little Curlew,Numenius minutus
Whimbrel,Numenius phaeopus
Bristle-thighed Curlew,Numenius tahitiensis
Helmeted Guineafowl,Numida meleagris
Yellow-crowned Night-Heron,Nyctanassa violacea
Long-tailed Potoo,Nyctibius aethereus
Rufous Potoo,Nyctibius bracteatus
Great Potoo,Nyctibius grandis
Common Potoo,Nyctibius griseus
Northern Potoo,Nyctibius jamaicensis
White-winged Potoo,Nyctibius leucopterus
Black-crowned Night-Heron,Nycticorax nycticorax
Common Pauraque,Nyctidromus albicollis
Scrub Nightjar,Nyctidromus anthonyi
Eared Poorwill,Nyctiphrynus mcleodii
Ocellated Poorwill,Nyctiphrynus ocellatus
Choco Poorwill,Nyctiphrynus rosenbergi
Yucatan Poorwill,Nyctiphrynus yucatanicus
Blackish Nightjar,Nyctipolus nigrescens
Band-tailed Nighthawk,Nyctiprogne leucopyga
Red-bearded Bee-eater,Nyctyornis amictus
Blue-bearded Bee-eater,Nyctyornis athertoni
Cockatiel,Nymphicus hollandicus
White-eared Puffbird,Nystalus chacuru
Spot-backed Puffbird,Nystalus maculatus
Western Striolated-Puffbird,Nystalus obamai
Barred Puffbird,Nystalus radiatus
Eastern Striolated-Puffbird,Nystalus striolatus
Rock Earthcreeper,Ochetorhynchus andaecola
Crag Chilia,Ochetorhynchus melanurus
Band-tailed Earthcreeper,Ochetorhynchus phoenicurus
Straight-billed Earthcreeper,Ochetorhynchus ruficaudus
Slaty-backed Chat-Tyrant,Ochthoeca cinnamomeiventris
Yellow-bellied Chat-Tyrant,Ochthoeca diadema
Crowned Chat-Tyrant,Ochthoeca frontalis
Brown-backed Chat-Tyrant,Ochthoeca fumicolor
Jelski's Chat-Tyrant,Ochthoeca jelskii
White-browed Chat-Tyrant,Ochthoeca leucophrys
d'Orbigny's Chat-Tyrant,Ochthoeca oenanthoides
Golden-browed Chat-Tyrant,Ochthoeca pulchella
Rufous-breasted Chat-Tyrant,Ochthoeca rufipectoralis
Drab Water Tyrant,Ochthornis littoralis
Booted Racket-tail,Ocreatus underwoodii
Indian Gray Hornbill,Ocyceros birostris
Sri Lanka Gray Hornbill,Ocyceros gingalensis
Malabar Gray Hornbill,Ocyceros griseus
Crested Pigeon,Ocyphaps lophotes
White-tailed Deer,Odocoileus virginianus
Black-fronted Wood-Quail,Odontophorus atrifrons
Stripe-faced Wood-Quail,Odontophorus balliviani
Spot-winged Wood-Quail,Odontophorus capueira
Venezuelan Wood-Quail,Odontophorus columbianus
Rufous-fronted Wood-Quail,Odontophorus erythrops
Marbled Wood-Quail,Odontophorus gujanensis
Spotted Wood-Quail,Odontophorus guttatus
Chestnut Wood-Quail,Odontophorus hyperythrus
Black-breasted Wood-Quail,Odontophorus leucolaemus
Dark-backed Wood-Quail,Odontophorus melanonotus
Black-eared Wood-Quail,Odontophorus melanotis
Rufous-breasted Wood-Quail,Odontophorus speciosus
Starred Wood-Quail,Odontophorus stellatus
Gorgeted Wood-Quail,Odontophorus strophium
Gray-mantled Wren,Odontorchilus branickii
Tooth-billed Wren,Odontorchilus cinereus
Fast-calling Tree Cricket,Oecanthus celerinictus
Davis's Tree Cricket,Oecanthus exclamationis
Snowy Tree Cricket,Oecanthus fultoni
Blackhorned Tree Cricket,Oecanthus nigricornis
Narrow-winged Tree Cricket,Oecanthus niveus
Pine Tree Cricket,Oecanthus pini
Four-spotted Tree Cricket,Oecanthus quadripunctatus
Namaqua Dove,Oena capensis
Desert Wheatear,Oenanthe deserti
Familiar Chat,Oenanthe familiaris
Brown Rock Chat,Oenanthe fusca
Western Black-eared Wheatear,Oenanthe hispanica
Isabelline Wheatear,Oenanthe isabellina
White-crowned Wheatear,Oenanthe leucopyga
Black Wheatear,Oenanthe leucura
Eastern Black-eared Wheatear,Oenanthe melanoleuca
Blackstart,Oenanthe melanura
Northern Wheatear,Oenanthe oenanthe
Capped Wheatear,Oenanthe pileata
Pied Wheatear,Oenanthe pleschanka
Brown-tailed Chat,Oenanthe scotocerca
Yellow-eared Parrot,Ognorhynchus icterotis
Northern Bentbill,Oncostoma cinereigulare
Southern Bentbill,Oncostoma olivaceum
Lunulated Antbird,Oneillornis lunulatus
White-throated Antbird,Oneillornis salvini
Red-winged Starling,Onychognathus morio
Pale-winged Starling,Onychognathus nabouroup
Slender-billed Starling,Onychognathus tenuirostris
Tristram's Starling,Onychognathus tristramii
Waller's Starling,Onychognathus walleri
Aleutian Tern,Onychoprion aleuticus
Bridled Tern,Onychoprion anaethetus
Sooty Tern,Onychoprion fuscatus
Gray-backed Tern,Onychoprion lunatus
Royal Flycatcher,Onychorhynchus coronatus
Hoatzin,Opisthocomus hoazin
Connecticut Warbler,Oporornis agilis
Agile Meadow Katydid,Orchelimum agile
Stripe-faced Meadow Katydid,Orchelimum concinnum
Handsome Meadow Katydid,Orchelimum pulchellum
Brown Tanager,Orchesticus abeillei
Tit Berrypecker,Oreocharis arfaki
Crested Bellbird,Oreoica gutturalis
Black-collared Apalis,Oreolais pulcher
Rwenzori Apalis,Oreolais ruwenzorii
Akikiki,Oreomystis bairdi
Horned Guan,Oreophasis derbianus
Tawny-throated Dotterel,Oreopholus ruficollis
Bolivian Blackbird,Oreopsar bolivianus
Mountain Quail,Oreortyx pictus
Sage Thrasher,Oreoscoptes montanus
Fernwren,Oreoscopus gutturalis
Flame-throated Warbler,Oreothlypis gutturalis
Crescent-chested Warbler,Oreothlypis superciliosa
Tanager Finch,Oreothraupis arremonops
Andean Hillstar,Oreotrochilus estella
Orinoco Goose,Oressochen jubatus
Andean Goose,Oressochen melanopterus
African Golden Oriole,Oriolus auratus
Western Black-headed Oriole,Oriolus brachyrynchus
Black-naped Oriole,Oriolus chinensis
Green-headed Oriole,Oriolus chlorocephalus
Black-and-crimson Oriole,Oriolus cruentus
Green Oriole,Oriolus flavocinctus
Indian Golden Oriole,Oriolus kundoo
African Black-headed Oriole,Oriolus larvatus
Ethiopian Black-headed Oriole,Oriolus monacha
Black-winged Oriole,Oriolus nigripennis
Eurasian Golden Oriole,Oriolus oriolus
Black-tailed Oriole,Oriolus percivali
Halmahera Oriole,Oriolus phaeochromus
Olive-backed Oriole,Oriolus sagittatus
Philippine Oriole,Oriolus steerii
Brown Oriole,Oriolus szalayi
Slender-billed Oriole,Oriolus tenuirostris
Maroon Oriole,Oriolus traillii
Dark-throated Oriole,Oriolus xanthonotus
Black-hooded Oriole,Oriolus xanthornus
Striped Sparrow,Oriturus superciliosus
Brown-capped Tyrannulet,Ornithion brunneicapillus
White-lored Tyrannulet,Ornithion inerme
Yellow-bellied Tyrannulet,Ornithion semiflavum
Jumping Bush Cricket,Orocharis saltator
Pale-footed Swallow,Orochelidon flavipes
Brown-bellied Swallow,Orochelidon murina
East Brazilian Chachalaca,Ortalis araucuan
Chaco Chachalaca,Ortalis canicollis
Gray-headed Chachalaca,Ortalis cinereiceps
Colombian Chachalaca,Ortalis columbiana
Rufous-headed Chachalaca,Ortalis erythroptera
Chestnut-winged Chachalaca,Ortalis garrula
Speckled Chachalaca,Ortalis guttata
White-bellied Chachalaca,Ortalis leucogastra
Variable Chachalaca,Ortalis motmot
West Mexican Chachalaca,Ortalis poliocephala
Rufous-vented Chachalaca,Ortalis ruficauda
Scaled Chachalaca,Ortalis squamata
Plain Chachalaca,Ortalis vetula
Rufous-bellied Chachalaca,Ortalis wagleri
Olive-green Tanager,Orthogonys chloricterus
Papuan Logrunner,Orthonyx novaeguineae
Chowchilla,Orthonyx spaldingii
Australian Logrunner,Orthonyx temminckii
Red-bellied Macaw,Orthopsittaca manilatus
Dark-necked Tailorbird,Orthotomus atrogularis
Cambodian Tailorbird,Orthotomus chaktomuk
Green-backed Tailorbird,Orthotomus chloronotus
Gray-backed Tailorbird,Orthotomus derbianus
Rufous-fronted Tailorbird,Orthotomus frontalis
White-browed Tailorbird,Orthotomus nigriceps
Ashy Tailorbird,Orthotomus ruficeps
Olive-backed Tailorbird,Orthotomus sepium
Rufous-tailed Tailorbird,Orthotomus sericeus
Common Tailorbird,Orthotomus sutorius
Gray Francolin,Ortygornis pondicerianus
Crested Francolin,Ortygornis sephaena
Quailfinch,Ortygospiza atricollis
Pheasant Pigeon,Otidiphaps nobilis
Chinese Thrush,Otocichla mupinensis
Indian Scops-Owl,Otus bakkamoena
Cyprus Scops-Owl,Otus cyprius
Ryukyu Scops-Owl,Otus elegans
Sunda Scops-Owl,Otus lempiji
Collared Scops-Owl,Otus lettia
Torotoroka Scops-Owl,Otus madagascariensis
Moluccan Scops-Owl,Otus magicus
Sulawesi Scops-Owl,Otus manadensis
Mantanani Scops-Owl,Otus mantananensis
Arabian Scops-Owl,Otus pamelae
Reddish Scops-Owl,Otus rufescens
Madagascar Scops-Owl,Otus rutilus
White-fronted Scops-Owl,Otus sagittatus
Eurasian Scops-Owl,Otus scops
Japanese Scops-Owl,Otus semitorques
African Scops-Owl,Otus senegalensis
Mountain Scops-Owl,Otus spilocephalus
Oriental Scops-Owl,Otus sunia
White-throated Oxylabes,Oxylabes madagascariensis
Sharpbill,Oxyruncus cristatus
Andean Duck,Oxyura ferruginea
Ruddy Duck,Oxyura jamaicensis
Goldenface,Pachycare flavogriseum
Vanuatu Whistler,Pachycephala chlorura
Mangrove Whistler,Pachycephala cinerea
Samoan Whistler,Pachycephala flavifrons
Western Whistler,Pachycephala fuliginosa
Rusty-breasted Whistler,Pachycephala fulvotincta
Drab Whistler,Pachycephala griseonota
White-vented Whistler,Pachycephala homeyeri
Bornean Whistler,Pachycephala hypoxantha
Gilbert's Whistler,Pachycephala inornata
White-breasted Whistler,Pachycephala lanioides
Yellow-throated Whistler,Pachycephala macrorhyncha
Black-chinned Whistler,Pachycephala mentalis
Bare-throated Whistler,Pachycephala nudigula
Olive Whistler,Pachycephala olivacea
Oriole Whistler,Pachycephala orioloides
Golden Whistler,Pachycephala pectoralis
Yellow-bellied Whistler,Pachycephala philippinensis
Rufous Whistler,Pachycephala rufiventris
Regent Whistler,Pachycephala schlegelii
Gray Whistler,Pachycephala simplex
Sclater's Whistler,Pachycephala soror
Sulphur-bellied Whistler,Pachycephala sulfuriventer
Fiji Whistler,Pachycephala vitiensis
Compact Weaver,Pachyphantes superciliosus
Rose-throated Becard,Pachyramphus aglaiae
Black-and-white Becard,Pachyramphus albogriseus
Chestnut-crowned Becard,Pachyramphus castaneus
Cinnamon Becard,Pachyramphus cinnamomeus
One-colored Becard,Pachyramphus homochrous
Gray-collared Becard,Pachyramphus major
Black-capped Becard,Pachyramphus marginatus
Pink-throated Becard,Pachyramphus minor
Jamaican Becard,Pachyramphus niger
White-winged Becard,Pachyramphus polychopterus
Cinereous Becard,Pachyramphus rufus
Glossy-backed Becard,Pachyramphus surinamus
Crested Becard,Pachyramphus validus
Barred Becard,Pachyramphus versicolor
Green-backed Becard,Pachyramphus viridis
Golden-fronted Greenlet,Pachysylvia aurantiifrons
Lesser Greenlet,Pachysylvia decurtata
Dusky-capped Greenlet,Pachysylvia hypoxantha
Buff-cheeked Greenlet,Pachysylvia muscicapina
Rufous-naped Greenlet,Pachysylvia semibrunnea
Java Sparrow,Padda oryzivora
Akohekohe,Palmeria dolei
Wedge-tailed Sabrewing,Pampa curvipennis
Osprey,Pandion haliaetus
Fiery-throated Hummingbird,Panterpe insignis
Bearded Reedling,Panurus biarmicus
Great Swallow-tailed Swift,Panyptila sanctihieronymi
White-rumped Hawk,Parabuteo leucorrhous
Harris's Hawk,Parabuteo unicinctus
Maroon-chested Ground Dove,Paraclaravis mondetoura
Lesser Bird-of-Paradise,Paradisaea minor
Red Bird-of-Paradise,Paradisaea rubra
Black-breasted Parrotbill,Paradoxornis flavirostris
Spot-breasted Parrotbill,Paradoxornis guttaticollis
Spotted Pardalote,Pardalotus punctatus
Red-browed Pardalote,Pardalotus rubricatus
Striated Pardalote,Pardalotus striatus
Spotted Rail,Pardirallus maculatus
Blackish Rail,Pardirallus nigricans
Plumbeous Rail,Pardirallus sanguinolentus
Yellow-shouldered Grosbeak,Parkerthraustes humeralis
Louisiana Waterthrush,Parkesia motacilla
Northern Waterthrush,Parkesia noveboracensis
Yellow-billed Cardinal,Paroaria capitata
Red-crested Cardinal,Paroaria coronata
Red-cowled Cardinal,Paroaria dominicana
Red-capped Cardinal,Paroaria gularis
Maui Alauahio,Paroreomyza montana
Cinereous Tit,Parus cinereus
Great Tit,Parus major
Japanese Tit,Parus minor
Green-backed Tit,Parus monticolus
Purple-crowned Lorikeet,Parvipsitta porphyrocephala
Little Lorikeet,Parvipsitta pusilla
Saxaul Sparrow,Passer ammodendri
Russet Sparrow,Passer cinnamomeus
Southern Gray-headed Sparrow,Passer diffusus
House Sparrow,Passer domesticus
Plain-backed Sparrow,Passer flaveolus
Northern Gray-headed Sparrow,Passer griseus
Spanish Sparrow,Passer hispaniolensis
Italian Sparrow,Passer italiae
Cape Sparrow,Passer melanurus
Dead Sea Sparrow,Passer moabiticus
Eurasian Tree Sparrow,Passer montanus
Sind Sparrow,Passer pyrrhonotus
Kenya Rufous Sparrow,Passer rufocinctus
Desert Sparrow,Passer simplex
Swainson's Sparrow,Passer swainsonii
Savannah Sparrow,Passerculus sandwichensis
Fox Sparrow,Passerella iliaca
Lazuli Bunting,Passerina amoena
Blue Grosbeak,Passerina caerulea
Painted Bunting,Passerina ciris
Indigo Bunting,Passerina cyanea
Orange-breasted Bunting,Passerina leclancherii
Rose-bellied Bunting,Passerina rositae
Varied Bunting,Passerina versicolor
Rosy Starling,Pastor roseus
Chilean Pigeon,Patagioenas araucana
Pale-vented Pigeon,Patagioenas cayennensis
Bare-eyed Pigeon,Patagioenas corensis
Band-tailed Pigeon,Patagioenas fasciata
Red-billed Pigeon,Patagioenas flavirostris
Dusky Pigeon,Patagioenas goodsoni
White-crowned Pigeon,Patagioenas leucocephala
Spot-winged Pigeon,Patagioenas maculosa
Short-billed Pigeon,Patagioenas nigrirostris
Picazuro Pigeon,Patagioenas picazuro
Plumbeous Pigeon,Patagioenas plumbea
Scaled Pigeon,Patagioenas speciosa
Scaly-naped Pigeon,Patagioenas squamosa
Ruddy Pigeon,Patagioenas subvinacea
Giant Hummingbird,Patagona gigas
Helmeted Curassow,Pauxi pauxi
Indian Peafowl,Pavo cristatus
Brown-winged Kingfisher,Pelargopsis amauroptera
Stork-billed Kingfisher,Pelargopsis capensis
Australian Pelican,Pelecanus conspicillatus
American White Pelican,Pelecanus erythrorhynchos
Brown Pelican,Pelecanus occidentalis
Spot-throated Babbler,Pellorneum albiventre
Ferruginous Babbler,Pellorneum bicolor
Black-capped Babbler,Pellorneum capistratum
Sulawesi Babbler,Pellorneum celebense
Brown-capped Babbler,Pellorneum fuscocapillus
Short-tailed Babbler,Pellorneum malaccense
Marsh Babbler,Pellorneum palustre
Temminck's Babbler,Pellorneum pyrrogenys
White-chested Babbler,Pellorneum rostratum
Puff-throated Babbler,Pellorneum ruficeps
Buff-breasted Babbler,Pellorneum tickelli
Mountain Peltops,Peltops montanus
White-winged Guan,Penelope albipennis
Band-tailed Guan,Penelope argyrotis
Bearded Guan,Penelope barbata
Red-faced Guan,Penelope dabbenei
Spix's Guan,Penelope jacquacu
Marail Guan,Penelope marail
Andean Guan,Penelope montagnii
Dusky-legged Guan,Penelope obscura
Cauca Guan,Penelope perspicax
Crested Guan,Penelope purpurascens
Rusty-margined Guan,Penelope superciliaris
Mindanao Hornbill,Penelopides affinis
Highland Guan,Penelopina nigra
Blue-gray Robin,Peneothello cyanus
White-winged Robin,Peneothello sigillata
Allpahuayo Antbird,Percnostola arenarum
Black-headed Antbird,Percnostola rufifrons
Rock Bush-Quail,Perdicula argoondah
Jungle Bush-Quail,Perdicula asiatica
Painted Bush-Quail,Perdicula erythrorhyncha
Gray Partridge,Perdix perdix
Brown-rumped Minivet,Pericrocotus cantonensis
Small Minivet,Pericrocotus cinnamomeus
Ashy Minivet,Pericrocotus divaricatus
White-bellied Minivet,Pericrocotus erythropygius
Long-tailed Minivet,Pericrocotus ethologus
Orange Minivet,Pericrocotus flammeus
Gray-chinned Minivet,Pericrocotus solaris
Scarlet Minivet,Pericrocotus speciosus
Ryukyu Minivet,Pericrocotus tegimae
Coal Tit,Periparus ater
Elegant Tit,Periparus elegans
Rufous-vented Tit,Periparus rubidiventris
Rufous-naped Tit,Periparus rufonuchalis
Yellow-bellied Tit,Periparus venustulus
Red-and-black Grosbeak,Periporphyrus erythromelas
Canada Jay,Perisoreus canadensis
Siberian Jay,Perisoreus infaustus
Capuchinbird,Perissocephalus tricolor
European Honey-buzzard,Pernis apivorus
Oriental Honey-buzzard,Pernis ptilorhynchus
Fairy Martin,Petrochelidon ariel
Streak-throated Swallow,Petrochelidon fluvicola
Cave Swallow,Petrochelidon fulva
Tree Martin,Petrochelidon nigricans
Cliff Swallow,Petrochelidon pyrrhonota
South African Swallow,Petrochelidon spilodera
South Island Robin,Petroica australis
Scarlet Robin,Petroica boodang
Red-capped Robin,Petroica goodenovii
North Island Robin,Petroica longipes
Tomtit,Petroica macrocephala
Flame Robin,Petroica phoenicea
Pacific Robin,Petroica pusilla
Pink Robin,Petroica rodinogaster
Rose Robin,Petroica rosea
Rock Sparrow,Petronia petronia
Bachman's Sparrow,Peucaea aestivalis
Botteri's Sparrow,Peucaea botterii
Rufous-winged Sparrow,Peucaea carpalis
Cassin's Sparrow,Peucaea cassinii
Black-chested Sparrow,Peucaea humeralis
Bridled Sparrow,Peucaea mystacalis
Stripe-headed Sparrow,Peucaea ruficauda
Cinnamon-tailed Sparrow,Peucaea sumichrasti
Olive Warbler,Peucedramus taeniatus
Large-footed Finch,Pezopetes capitalis
Ground Parrot,Pezoporus wallicus
Chestnut-backed Thornbird,Phacellodomus dorsalis
Orange-eyed Thornbird,Phacellodomus erythrophthalmus
Orange-breasted Thornbird,Phacellodomus ferrugineigula
Spot-breasted Thornbird,Phacellodomus maculipectus
Greater Thornbird,Phacellodomus ruber
Rufous-fronted Thornbird,Phacellodomus rufifrons
Little Thornbird,Phacellodomus sibilatrix
Streak-fronted Thornbird,Phacellodomus striaticeps
Freckle-breasted Thornbird,Phacellodomus striaticollis
Chestnut-bellied Malkoha,Phaenicophaeus sumatranus
Green-billed Malkoha,Phaenicophaeus tristis
Blue-faced Malkoha,Phaenicophaeus viridirostris
Black-crowned Palm-Tanager,Phaenicophilus palmarum
Ocellated Antbird,Phaenostictus mcleannani
Scaly-breasted Hummingbird,Phaeochroa cuvierii
Mouse-colored Tyrannulet,Phaeomyias murina
Red-billed Tropicbird,Phaethon aethereus
White-tailed Tropicbird,Phaethon lepturus
Red-tailed Tropicbird,Phaethon rubricauda
Black-throated Hermit,Phaethornis atrimentalis
Straight-billed Hermit,Phaethornis bourcieri
Scale-throated Hermit,Phaethornis eurynome
Gray-chinned Hermit,Phaethornis griseogularis
Green Hermit,Phaethornis guy
White-bearded Hermit,Phaethornis hispidus
Long-billed Hermit,Phaethornis longirostris
Little Hermit,Phaethornis longuemareus
Great-billed Hermit,Phaethornis malaris
Cinnamon-throated Hermit,Phaethornis nattereri
Planalto Hermit,Phaethornis pretrei
Reddish Hermit,Phaethornis ruber
Streak-throated Hermit,Phaethornis rupurumii
Dusky-throated Hermit,Phaethornis squalidus
Stripe-throated Hermit,Phaethornis striigularis
Long-tailed Hermit,Phaethornis superciliosus
Tawny-bellied Hermit,Phaethornis syrmatophorus
White-whiskered Hermit,Phaethornis yaruqui
Large-billed Tern,Phaetusa simplex
Phainopepla,Phainopepla nitens
Great Cormorant,Phalacrocorax carbo
Common Poorwill,Phalaenoptilus nuttallii
Red Phalarope,Phalaropus fulicarius
Red-necked Phalarope,Phalaropus lobatus
Wilson's Phalarope,Phalaropus tricolor
Amethyst Brown-Dove,Phapitreron amethystinus
White-eared Brown-Dove,Phapitreron leucotis
Common Bronzewing,Phaps chalcoptera
Brush Bronzewing,Phaps elegans
Crested Quetzal,Pharomachrus antisianus
Golden-headed Quetzal,Pharomachrus auriceps
White-tipped Quetzal,Pharomachrus fulgidus
Resplendent Quetzal,Pharomachrus mocinno
Pavonine Quetzal,Pharomachrus pavoninus
Ring-necked Pheasant,Phasianus colchicus
Mascarene Martin,Phedina borbonica
Diademed Sandpiper-Plover,Phegornis mitchellii
White-bearded Flycatcher,Phelpsia inornata
Black-backed Grosbeak,Pheucticus aureoventris
Golden Grosbeak,Pheucticus chrysogaster
Yellow Grosbeak,Pheucticus chrysopeplus
Rose-breasted Grosbeak,Pheucticus ludovicianus
Black-headed Grosbeak,Pheucticus melanocephalus
Black-thighed Grosbeak,Pheucticus tibialis
Black-throated Wren,Pheugopedius atrogularis
Coraya Wren,Pheugopedius coraya
Inca Wren,Pheugopedius eisenmanni
Plain-tailed Wren,Pheugopedius euophrys
Black-bellied Wren,Pheugopedius fasciatoventris
Happy Wren,Pheugopedius felix
Moustached Wren,Pheugopedius genibarbis
Spot-breasted Wren,Pheugopedius maculipectus
Whiskered Wren,Pheugopedius mystacalis
Rufous-breasted Wren,Pheugopedius rutilus
Speckle-breasted Wren,Pheugopedius sclateri
Sooty-headed Wren,Pheugopedius spadix
Helmeted Friarbird,Philemon buceroides
Little Friarbird,Philemon citreogularis
Noisy Friarbird,Philemon corniculatus
Rufous-winged Philentoma,Philentoma pyrhoptera
Maroon-breasted Philentoma,Philentoma velata
Schlegel's Asity,Philepitta schlegeli
North Island Saddleback,Philesturnus rufusater
Sociable Weaver,Philetairus socius
Banded Quail,Philortyx fasciatus
Black-capped Foliage-gleaner,Philydor atricapillus
Rufous-rumped Foliage-gleaner,Philydor erythrocercum
Slaty-winged Foliage-gleaner,Philydor fuscipenne
Cinnamon-rumped Foliage-gleaner,Philydor pyrrhodes
Bare-faced Ibis,Phimosus infuscatus
Reddish-winged Bare-eye,Phlegopsis erythroptera
Black-spotted Bare-eye,Phlegopsis nigromaculata
Wren-like Rushbird,Phleocryptes melanops
Ecuadorian Piedtail,Phlogophilus hemileucurus
Sri Lanka Bay-Owl,Phodilus assimilis
Oriental Bay-Owl,Phodilus badius
Laysan Albatross,Phoebastria immutabilis
Black-footed Albatross,Phoebastria nigripes
Guianan Red-Cotinga,Phoenicircus carnifex
Black-necked Red-Cotinga,Phoenicircus nigricollis
Lesser Flamingo,Phoeniconaias minor
Andean Flamingo,Phoenicoparrus andinus
James's Flamingo,Phoenicoparrus jamesi
Chilean Flamingo,Phoenicopterus chilensis
Greater Flamingo,Phoenicopterus roseus
American Flamingo,Phoenicopterus ruber
White-headed Woodhoopoe,Phoeniculus bollei
Green Woodhoopoe,Phoeniculus purpureus
Daurian Redstart,Phoenicurus auroreus
Blue-fronted Redstart,Phoenicurus frontalis
Plumbeous Redstart,Phoenicurus fuliginosus
Hodgson's Redstart,Phoenicurus hodgsoni
White-capped Redstart,Phoenicurus leucocephalus
Moussier's Redstart,Phoenicurus moussieri
Black Redstart,Phoenicurus ochruros
Common Redstart,Phoenicurus phoenicurus
Sharpe's Starling,Pholia sharpii
Trumpet Manucode,Phonygammus keraudrenii
Namaqua Warbler,Phragmacia substriata
Black-hooded Sierra Finch,Phrygilus atriceps
Gray-hooded Sierra Finch,Phrygilus gayi
Patagonian Sierra Finch,Phrygilus patagonicus
White-cheeked Honeyeater,Phylidonyris niger
New Holland Honeyeater,Phylidonyris novaehollandiae
Crescent Honeyeater,Phylidonyris pyrrhopterus
Cabanis's Greenbul,Phyllastrephus cabanisi
Gray-olive Greenbul,Phyllastrephus cerviniventris
Fischer's Greenbul,Phyllastrephus fischeri
Yellow-streaked Greenbul,Phyllastrephus flavostriatus
Northern Brownbul,Phyllastrephus strepitans
Terrestrial Brownbul,Phyllastrephus terrestris
Mountain Tailorbird,Phyllergates cucullatus
Rufous-headed Tailorbird,Phyllergates heterolaemus
Buff-bellied Warbler,Phyllolais pulchella
Rough-legged Tyrannulet,Phyllomyias burmeisteri
Ashy-headed Tyrannulet,Phyllomyias cinereiceps
Planalto Tyrannulet,Phyllomyias fasciatus
Sooty-headed Tyrannulet,Phyllomyias griseiceps
Gray-capped Tyrannulet,Phyllomyias griseocapilla
Black-capped Tyrannulet,Phyllomyias nigrocapillus
Plumbeous-crowned Tyrannulet,Phyllomyias plumbeiceps
Sclater's Tyrannulet,Phyllomyias sclateri
Tawny-rumped Tyrannulet,Phyllomyias uropygialis
Greenish Tyrannulet,Phyllomyias virescens
Handsome Trig,Phyllopalpus pulchellus
Alagoas Tyrannulet,Phylloscartes ceciliae
Serra do Mar Tyrannulet,Phylloscartes difficilis
Southern Bristle-Tyrant,Phylloscartes eximius
Ecuadorian Tyrannulet,Phylloscartes gualaquizae
Restinga Tyrannulet,Phylloscartes kronei
Antioquia Bristle-Tyrant,Phylloscartes lanyoni
Marble-faced Bristle-Tyrant,Phylloscartes ophthalmicus
Oustalet's Tyrannulet,Phylloscartes oustaleti
Cinnamon-faced Tyrannulet,Phylloscartes parkeri
Sao Paulo Tyrannulet,Phylloscartes paulista
Variegated Bristle-Tyrant,Phylloscartes poecilotis
Minas Gerais Tyrannulet,Phylloscartes roquettei
Rufous-browed Tyrannulet,Phylloscartes superciliaris
Bay-ringed Tyrannulet,Phylloscartes sylviolus
Mottle-cheeked Tyrannulet,Phylloscartes ventralis
Olive-green Tyrannulet,Phylloscartes virescens
Tickell's Leaf Warbler,Phylloscopus affinis
Yellow-streaked Warbler,Phylloscopus armandii
Western Bonelli's Warbler,Phylloscopus bonelli
Arctic Warbler,Phylloscopus borealis
Sakhalin Leaf Warbler,Phylloscopus borealoides
Uganda Woodland-Warbler,Phylloscopus budongoensis
Green-crowned Warbler,Phylloscopus burkii
Limestone Leaf Warbler,Phylloscopus calciatilis
Yellow-vented Warbler,Phylloscopus cantator
Chestnut-crowned Warbler,Phylloscopus castaniceps
Lemon-rumped Warbler,Phylloscopus chloronotus
Claudia's Leaf Warbler,Phylloscopus claudiae
Common Chiffchaff,Phylloscopus collybita
Eastern Crowned Warbler,Phylloscopus coronatus
Emei Leaf Warbler,Phylloscopus emeiensis
Kamchatka Leaf Warbler,Phylloscopus examinandus
Sichuan Leaf Warbler,Phylloscopus forresti
Smoky Warbler,Phylloscopus fuligiventer
Dusky Warbler,Phylloscopus fuscatus
Hartert's Leaf Warbler,Phylloscopus goodsoni
Sunda Warbler,Phylloscopus grammiceps
Sulphur-bellied Warbler,Phylloscopus griseolus
Hume's Warbler,Phylloscopus humei
Iberian Chiffchaff,Phylloscopus ibericus
Ijima's Leaf Warbler,Phylloscopus ijimae
Yellow-browed Warbler,Phylloscopus inornatus
Davison's Leaf Warbler,Phylloscopus intensior
White-spectacled Warbler,Phylloscopus intermedius
Gansu Leaf Warbler,Phylloscopus kansuensis
Ashy-throated Warbler,Phylloscopus maculipennis
Large-billed Leaf Warbler,Phylloscopus magnirostris
Yellow-breasted Warbler,Phylloscopus montis
Plain Leaf Warbler,Phylloscopus neglectus
Green Warbler,Phylloscopus nitidus
Western Crowned Warbler,Phylloscopus occipitalis
Alpine Leaf Warbler,Phylloscopus occisinensis
Kloss's Leaf Warbler,Phylloscopus ogilviegranti
Philippine Leaf Warbler,Phylloscopus olivaceus
Martens's Warbler,Phylloscopus omeiensis
Eastern Bonelli's Warbler,Phylloscopus orientalis
Two-barred Warbler,Phylloscopus plumbeitarsus
Island Leaf Warbler,Phylloscopus poliocephalus
Gray-cheeked Warbler,Phylloscopus poliogenys
Pallas's Leaf Warbler,Phylloscopus proregulus
Buff-barred Warbler,Phylloscopus pulcher
Blyth's Leaf Warbler,Phylloscopus reguloides
Yellow-throated Woodland-Warbler,Phylloscopus ruficapilla
Sulawesi Leaf Warbler,Phylloscopus sarasinorum
Radde's Warbler,Phylloscopus schwarzi
Wood Warbler,Phylloscopus sibilatrix
Mountain Chiffchaff,Phylloscopus sindianus
Alström's Warbler,Phylloscopus soror
Buff-throated Warbler,Phylloscopus subaffinis
Brooks's Leaf Warbler,Phylloscopus subviridis
Pale-legged Leaf Warbler,Phylloscopus tenellipes
Gray-crowned Warbler,Phylloscopus tephrocephalus
Mountain Leaf Warbler,Phylloscopus trivirgatus
Greenish Warbler,Phylloscopus trochiloides
Willow Warbler,Phylloscopus trochilus
Tytler's Leaf Warbler,Phylloscopus tytleri
Brown Woodland-Warbler,Phylloscopus umbrovirens
Bianchi's Warbler,Phylloscopus valentini
Whistler's Warbler,Phylloscopus whistleri
Japanese Leaf Warbler,Phylloscopus xanthodryas
Gray-hooded Warbler,Phylloscopus xanthoschistos
Chinese Leaf Warbler,Phylloscopus yunnanensis
Peruvian Plantcutter,Phytotoma raimondii
Rufous-tailed Plantcutter,Phytotoma rara
White-tipped Plantcutter,Phytotoma rutila
Squirrel Cuckoo,Piaya cayana
Black-bellied Cuckoo,Piaya melanogaster
Black-rumped Magpie,Pica bottanensis
Black-billed Magpie,Pica hudsonia
Yellow-billed Magpie,Pica nuttalli
Eurasian Magpie,Pica pica
Oriental Magpie,Pica serica
Black-backed Woodpecker,Picoides arcticus
American Three-toed Woodpecker,Picoides dorsalis
Eurasian Three-toed Woodpecker,Picoides tridactylus
White-browed Woodpecker,Piculus aurulentus
Stripe-cheeked Woodpecker,Piculus callopterus
Golden-green Woodpecker,Piculus chrysochloros
Yellow-throated Woodpecker,Piculus flavigula
White-throated Woodpecker,Piculus leucolaemus
White-wedged Piculet,Picumnus albosquamatus
Bar-breasted Piculet,Picumnus aurifrons
Chestnut Piculet,Picumnus cinnamomeus
White-barred Piculet,Picumnus cirratus
Ocellated Piculet,Picumnus dorbignyanus
Golden-spangled Piculet,Picumnus exilis
Grayish Piculet,Picumnus granadensis
Speckled Piculet,Picumnus innominatus
Lafresnaye's Piculet,Picumnus lafresnayi
Ochraceous Piculet,Picumnus limae
Mottled Piculet,Picumnus nebulosus
Olivaceous Piculet,Picumnus olivaceus
Spotted Piculet,Picumnus pygmaeus
Rufous-breasted Piculet,Picumnus rufiventris
Ecuadorian Piculet,Picumnus sclateri
White-bellied Piculet,Picumnus spilogaster
Scaled Piculet,Picumnus squamulatus
Ochre-collared Piculet,Picumnus temminckii
Japanese Woodpecker,Picus awokera
Gray-headed Woodpecker,Picus canus
Lesser Yellownape,Picus chlorolophus
Black-headed Woodpecker,Picus erythropygius
Crimson-winged Woodpecker,Picus puniceus
Iberian Green Woodpecker,Picus sharpei
Scaly-bellied Woodpecker,Picus squamatus
Levaillant's Woodpecker,Picus vaillantii
Eurasian Green Woodpecker,Picus viridis
Laced Woodpecker,Picus vittatus
Streak-throated Woodpecker,Picus xanthopygaeus
Pine Grosbeak,Pinicola enucleator
White-bellied Parrot,Pionites leucogaster
Black-headed Parrot,Pionites melanocephalus
Pileated Parrot,Pionopsitta pileata
Bronze-winged Parrot,Pionus chalcopterus
Dusky Parrot,Pionus fuscus
Scaly-headed Parrot,Pionus maximiliani
Blue-headed Parrot,Pionus menstruus
White-crowned Parrot,Pionus senilis
Red-billed Parrot,Pionus sordidus
Speckle-faced Parrot,Pionus tumultuosus
Red-throated Piping-Guan,Pipile cujubi
Blue-throated Piping-Guan,Pipile cumanensis
Green-tailed Towhee,Pipilo chlorurus
Eastern Towhee,Pipilo erythrophthalmus
Spotted Towhee,Pipilo maculatus
Collared Towhee,Pipilo ocai
Crimson-hooded Manakin,Pipra aureola
Band-tailed Manakin,Pipra fasciicauda
Wire-tailed Manakin,Pipra filicauda
Fawn-breasted Tanager,Pipraeidea melanonota
Barred Fruiteater,Pipreola arcuata
Golden-breasted Fruiteater,Pipreola aureopectus
Handsome Fruiteater,Pipreola formosa
Scarlet-breasted Fruiteater,Pipreola frontalis
Band-tailed Fruiteater,Pipreola intermedia
Orange-breasted Fruiteater,Pipreola jucunda
Black-chested Fruiteater,Pipreola lubomirskii
Green-and-black Fruiteater,Pipreola riefferii
Red-banded Fruiteater,Pipreola whitelyi
Wing-barred Piprites,Piprites chloris
Gray-headed Piprites,Piprites griseiceps
Black-capped Piprites,Piprites pileata
Flame-colored Tanager,Piranga bidentata
Red-headed Tanager,Piranga erythrocephala
Hepatic Tanager,Piranga flava
White-winged Tanager,Piranga leucoptera
Western Tanager,Piranga ludoviciana
Scarlet Tanager,Piranga olivacea
Rose-throated Tanager,Piranga roseogularis
Summer Tanager,Piranga rubra
Red-hooded Tanager,Piranga rubriceps
Lesser Kiskadee,Pitangus lictor
Great Kiskadee,Pitangus sulphuratus
Philippine Eagle,Pithecophaga jefferyi
White-plumed Antbird,Pithys albifrons
Northern Variable Pitohui,Pitohui kirhocephalus
Indian Pitta,Pitta brachyura
Elegant Pitta,Pitta elegans
Ivory-breasted Pitta,Pitta maxima
Mangrove Pitta,Pitta megarhyncha
Blue-winged Pitta,Pitta moluccensis
Fairy Pitta,Pitta nympha
Hooded Pitta,Pitta sordida
Azure-breasted Pitta,Pitta steerii
Noisy Pitta,Pitta versicolor
Black-crowned Antpitta,Pittasoma michleri
Rufous-crowned Antpitta,Pittasoma rufopileatum
Bornean Bristlehead,Pityriasis gymnocephala
Roseate Spoonbill,Platalea ajaja
Eurasian Spoonbill,Platalea leucorodia
Pale-headed Rosella,Platycercus adscitus
Green Rosella,Platycercus caledonicus
Crimson Rosella,Platycercus elegans
Eastern Rosella,Platycercus eximius
Crested Shrikejay,Platylophus galericulatus
Stub-tailed Spadebill,Platyrinchus cancrominus
Golden-crowned Spadebill,Platyrinchus coronatus
Yellow-throated Spadebill,Platyrinchus flavigularis
Russet-winged Spadebill,Platyrinchus leucoryphus
White-throated Spadebill,Platyrinchus mystaceus
White-crested Spadebill,Platyrinchus platyrhynchos
Cinnamon-crested Spadebill,Platyrinchus saturatus
Black Magpie,Platysmurus leucopterus
Red-cheeked Wattle-eye,Platysteira blissetti
Chestnut Wattle-eye,Platysteira castanea
Yellow-bellied Wattle-eye,Platysteira concreta
Brown-throated Wattle-eye,Platysteira cyanea
Black-throated Wattle-eye,Platysteira peltata
Striped Honeyeater,Plectorhyncha lanceolata
McKay's Bunting,Plectrophenax hyperboreus
Snow Bunting,Plectrophenax nivalis
White-faced Ibis,Plegadis chihi
Glossy Ibis,Plegadis falcinellus
Puna Ibis,Plegadis ridgwayi
White-browed Sparrow-Weaver,Plocepasser mahali
Chestnut-crowned Sparrow-Weaver,Plocepasser superciliosus
Baglafecht Weaver,Ploceus baglafecht
Forest Weaver,Ploceus bicolor
Cape Weaver,Ploceus capensis
Village Weaver,Ploceus cucullatus
Rüppell's Weaver,Ploceus galbula
Asian Golden Weaver,Ploceus hypoxanthus
Lesser Masked-Weaver,Ploceus intermedius
Golden-backed Weaver,Ploceus jacksoni
Little Weaver,Ploceus luteolus
Streaked Weaver,Ploceus manyar
Black-headed Weaver,Ploceus melanocephalus
Nelicourvi Weaver,Ploceus nelicourvi
Vieillot's Weaver,Ploceus nigerrimus
Black-necked Weaver,Ploceus nigricollis
Spectacled Weaver,Ploceus ocularis
Baya Weaver,Ploceus philippinus
Sakalava Weaver,Ploceus sakalava
Speke's Weaver,Ploceus spekei
African Golden-Weaver,Ploceus subaureus
Southern Masked-Weaver,Ploceus velatus
Vitelline Masked-Weaver,Ploceus vitellinus
Holub's Golden-Weaver,Ploceus xanthops
Southern Brown-throated Weaver,Ploceus xanthopterus
European Golden-Plover,Pluvialis apricaria
American Golden-Plover,Pluvialis dominica
Pacific Golden-Plover,Pluvialis fulva
Black-bellied Plover,Pluvialis squatarola
Scaly-breasted Cupwing,Pnoepyga albiventer
Taiwan Cupwing,Pnoepyga formosana
Immaculate Cupwing,Pnoepyga immaculata
Pygmy Cupwing,Pnoepyga pusilla
Marbled Frogmouth,Podargus ocellatus
Tawny Frogmouth,Podargus strigoides
Horned Grebe,Podiceps auritus
Great Crested Grebe,Podiceps cristatus
Hooded Grebe,Podiceps gallardoi
Red-necked Grebe,Podiceps grisegena
Great Grebe,Podiceps major
Eared Grebe,Podiceps nigricollis
Silvery Grebe,Podiceps occipitalis
Pied-billed Grebe,Podilymbus podiceps
Mongolian Ground-Jay,Podoces hendersoni
Black-capped Chickadee,Poecile atricapillus
Carolina Chickadee,Poecile carolinensis
Gray-headed Chickadee,Poecile cinctus
Mountain Chickadee,Poecile gambeli
Boreal Chickadee,Poecile hudsonicus
Sombre Tit,Poecile lugubris
Willow Tit,Poecile montanus
Marsh Tit,Poecile palustris
Chestnut-backed Chickadee,Poecile rufescens
Mexican Chickadee,Poecile sclateri
Sichuan Tit,Poecile weigoldicus
Black-sided Robin,Poecilodryas hypoleuca
Azure-rumped Tanager,Poecilostreptus cabanisi
Gray-and-gold Tanager,Poecilostreptus palmeri
White-cheeked Tody-Flycatcher,Poecilotriccus albifacies
Golden-winged Tody-Flycatcher,Poecilotriccus calopterus
Black-and-white Tody-Flycatcher,Poecilotriccus capitalis
Smoky-fronted Tody-Flycatcher,Poecilotriccus fumifrons
Rusty-fronted Tody-Flycatcher,Poecilotriccus latirostris
Johnson's Tody-Flycatcher,Poecilotriccus luluae
Ochre-faced Tody-Flycatcher,Poecilotriccus plumbeiceps
Rufous-crowned Tody-Flycatcher,Poecilotriccus ruficeps
Ruddy Tody-Flycatcher,Poecilotriccus russatus
Slate-headed Tody-Flycatcher,Poecilotriccus sylvia
Red-rumped Tinkerbird,Pogoniulus atroflavus
Yellow-rumped Tinkerbird,Pogoniulus bilineatus
Yellow-fronted Tinkerbird,Pogoniulus chrysoconus
Moustached Tinkerbird,Pogoniulus leucomystax
Red-fronted Tinkerbird,Pogoniulus pusillus
Speckled Tinkerbird,Pogoniulus scolopaceus
Green Tinkerbird,Pogoniulus simplex
Yellow-throated Tinkerbird,Pogoniulus subsulphureus
White-starred Robin,Pogonocichla stellata
Brown-headed Parrot,Poicephalus cryptoxanthus
Brown-necked Parrot,Poicephalus fuscicollis
Meyer's Parrot,Poicephalus meyeri
Cape Parrot,Poicephalus robustus
Red-bellied Parrot,Poicephalus rufiventris
Senegal Parrot,Poicephalus senegalus
Chestnut-backed Antbird,Poliocrania exsul
White-browed Crake,Poliolimnas cinereus
White-lored Gnatcatcher,Polioptila albiloris
White-browed Gnatcatcher,Polioptila bilineata
Blue-gray Gnatcatcher,Polioptila caerulea
California Gnatcatcher,Polioptila californica
Masked Gnatcatcher,Polioptila dumicola
Creamy-bellied Gnatcatcher,Polioptila lactea
Cuban Gnatcatcher,Polioptila lembeyei
Black-tailed Gnatcatcher,Polioptila melanura
Black-capped Gnatcatcher,Polioptila nigriceps
Tropical Gnatcatcher,Polioptila plumbea
Slate-throated Gnatcatcher,Polioptila schistaceigula
African Harrier-Hawk,Polyboroides typus
Blue-chested Hummingbird,Polyerata amabilis
Charming Hummingbird,Polyerata decora
Gray Peacock-Pheasant,Polyplectron bicalcaratum
Bronze-tailed Peacock-Pheasant,Polyplectron chalcurum
Germain's Peacock-Pheasant,Polyplectron germaini
Malayan Peacock-Pheasant,Polyplectron malacense
Bearded Tachuri,Polystictus pectoralis
Gray-backed Tachuri,Polystictus superciliaris
Regent Parrot,Polytelis anthopeplus
Superb Parrot,Polytelis swainsonii
White-tailed Goldenthroat,Polytmus guainumbi
Green-tailed Goldenthroat,Polytmus theresiae
Coral-billed Scimitar-Babbler,Pomatorhinus ferruginosus
Indian Scimitar-Babbler,Pomatorhinus horsfieldii
Sri Lanka Scimitar-Babbler,Pomatorhinus melanurus
Chestnut-backed Scimitar-Babbler,Pomatorhinus montanus
Taiwan Scimitar-Babbler,Pomatorhinus musicus
Red-billed Scimitar-Babbler,Pomatorhinus ochraceiceps
Streak-breasted Scimitar-Babbler,Pomatorhinus ruficollis
White-browed Scimitar-Babbler,Pomatorhinus schisticeps
Slender-billed Scimitar-Babbler,Pomatorhinus superciliaris
Chestnut-crowned Babbler,Pomatostomus ruficeps
White-browed Babbler,Pomatostomus superciliosus
Gray-crowned Babbler,Pomatostomus temporalis
Little Grassbird,Poodytes gramineus
New Zealand Fernbird,Poodytes punctatus
Vesper Sparrow,Pooecetes gramineus
Black-and-rufous Warbling Finch,Poospiza nigrorufa
Azure Gallinule,Porphyrio flavirostris
African Swamphen,Porphyrio madagascariensis
Purple Gallinule,Porphyrio martinica
Australasian Swamphen,Porphyrio melanotus
Gray-headed Swamphen,Porphyrio poliocephalus
Western Swamphen,Porphyrio porphyrio
Spot-flanked Gallinule,Porphyriops melanops
Sora,Porzana carolina
Spotted Crake,Porzana porzana
Dot-winged Crake,Porzana spiloptera
Power tools,Power tools
Spotted Barbtail,Premnoplex brunnescens
Rusty-winged Barbtail,Premnornis guttuliger
Yellow-collared Macaw,Primolius auricollis
Blue-headed Macaw,Primolius couloni
Blue-winged Macaw,Primolius maracana
Black-throated Prinia,Prinia atrogularis
Banded Prinia,Prinia bairdii
Rufous-fronted Prinia,Prinia buchanani
Himalayan Prinia,Prinia crinigera
Red-winged Prinia,Prinia erythroptera
Bar-winged Prinia,Prinia familiaris
Black-chested Prinia,Prinia flavicans
Yellow-bellied Prinia,Prinia flaviventris
Graceful Prinia,Prinia gracilis
Gray-breasted Prinia,Prinia hodgsonii
Drakensberg Prinia,Prinia hypoxantha
Plain Prinia,Prinia inornata
Delicate Prinia,Prinia lepida
Karoo Prinia,Prinia maculosa
Brown Prinia,Prinia polychroa
Rufescent Prinia,Prinia rufescens
Red-fronted Prinia,Prinia rufifrons
Ashy Prinia,Prinia socialis
Striped Prinia,Prinia striata
Tawny-flanked Prinia,Prinia subflava
Hill Prinia,Prinia superciliaris
Jungle Prinia,Prinia sylvatica
Yellow-breasted Flowerpecker,Prionochilus maculatus
Scarlet-breasted Flowerpecker,Prionochilus thoracicus
Yellow-rumped Flowerpecker,Prionochilus xanthopygius
White Helmetshrike,Prionops plumatus
Retz's Helmetshrike,Prionops retzii
Hispaniolan Trogon,Priotelus roseigaster
Cuban Trogon,Priotelus temnurus
Palm Cockatoo,Probosciger aterrimus
Dark-breasted Rosefinch,Procarduelis nipalensis
White Bellbird,Procnias albus
Bearded Bellbird,Procnias averano
Bare-throated Bellbird,Procnias nudicollis
Three-wattled Bellbird,Procnias tricarunculatus
Gray-breasted Martin,Progne chalybea
Southern Martin,Progne elegans
Purple Martin,Progne subis
Brown-chested Martin,Progne tapera
Cape Sugarbird,Promerops cafer
Masked Shining-Parrot,Prosopeia personata
Red Shining-Parrot,Prosopeia tabuensis
Tui,Prosthemadera novaeseelandiae
Prothonotary Warbler,Protonotaria citrea
Alpine Accentor,Prunella collaris
Brown Accentor,Prunella fulvescens
Dunnock,Prunella modularis
Siberian Accentor,Prunella montanella
Radde's Accentor,Prunella ocularis
Robin Accentor,Prunella rubeculoides
Rufous-breasted Accentor,Prunella strophiata
Black Sawwing,Psalidoprocne pristoptera
Bushtit,Psaltriparus minimus
Long-tailed Broadbill,Psarisomus dalhousiae
Russet-backed Oropendola,Psarocolius angustifrons
Dusky-green Oropendola,Psarocolius atrovirens
Olive Oropendola,Psarocolius bifasciatus
Crested Oropendola,Psarocolius decumanus
Montezuma Oropendola,Psarocolius montezuma
Green Oropendola,Psarocolius viridis
Chestnut-headed Oropendola,Psarocolius wagleri
Red-rumped Parrot,Psephotus haematonotus
Mulga Parrot,Psephotus varius
Brimley's Chorus Frog,Pseudacris brimleyi
Spotted Chorus Frog,Pseudacris clarkii
Spring Peeper,Pseudacris crucifer
Upland Chorus Frog,Pseudacris feriarum
Southern Chorus Frog,Pseudacris nigrita
Little Grass Frog,Pseudacris ocularis
Ornate Chorus Frog,Pseudacris ornata
Strecker's Chorus Frog,Pseudacris streckeri
Striped Chorus Frog,Pseudacris triseriata
Dusky-tailed Canastero,Pseudasthenes humicola
White Hawk,Pseudastur albicollis
Gray-backed Hawk,Pseudastur occidentalis
Gray-and-white Tyrannulet,Pseudelaenia leucospodia
Cardinal Lory,Pseudeos cardinalis
Red-naped Ibis,Pseudibis papillosa
Streaked Tuftedcheek,Pseudocolaptes boissonneautii
Buffy Tuftedcheek,Pseudocolaptes lawrencii
Ticking Doradito,Pseudocolopteryx citreola
Dinelli's Doradito,Pseudocolopteryx dinelliana
Warbling Doradito,Pseudocolopteryx flaviventris
Crested Doradito,Pseudocolopteryx sclateri
Yellow-rumped Marshbird,Pseudoleistes guirahuro
Brown-and-yellow Marshbird,Pseudoleistes virescens
Maui Parrotbill,Pseudonestor xanthophrys
Gray-headed Social-Weaver,Pseudonigrita arnaudi
White-crowned Manakin,Pseudopipra pipra
Ground Tit,Pseudopodoces humilis
Rusty Pitohui,Pseudorectes ferrugineus
Caatinga Cacholote,Pseudoseisura cristata
White-throated Cacholote,Pseudoseisura gutturalis
Brown Cacholote,Pseudoseisura lophotes
Rufous Cacholote,Pseudoseisura unirufa
Black-headed Hemispingus,Pseudospingus verticalis
Bronze-olive Pygmy-Tyrant,Pseudotriccus pelzelni
Rufous-headed Pygmy-Tyrant,Pseudotriccus ruficeps
Indochinese Barbet,Psilopogon annamensis
Flame-fronted Barbet,Psilopogon armillaris
Blue-throated Barbet,Psilopogon asiaticus
Necklaced Barbet,Psilopogon auricularis
Little Barbet,Psilopogon australis
Gold-whiskered Barbet,Psilopogon chrysopogon
Brown-throated Barbet,Psilopogon corvinus
Blue-eared Barbet,Psilopogon duvaucelii
Bornean Barbet,Psilopogon eximius
Chinese Barbet,Psilopogon faber
Green-eared Barbet,Psilopogon faiostrictus
Yellow-fronted Barbet,Psilopogon flavifrons
Golden-throated Barbet,Psilopogon franklinii
Coppersmith Barbet,Psilopogon haemacephalus
Yellow-crowned Barbet,Psilopogon henricii
Moustached Barbet,Psilopogon incognitus
Red-vented Barbet,Psilopogon lagrandieri
Lineated Barbet,Psilopogon lineatus
Malabar Barbet,Psilopogon malabaricus
Mountain Barbet,Psilopogon monticola
Red-throated Barbet,Psilopogon mystacophanos
Taiwan Barbet,Psilopogon nuchalis
Black-browed Barbet,Psilopogon oorti
Golden-naped Barbet,Psilopogon pulcherrimus
Fire-tufted Barbet,Psilopogon pyrolophus
Red-crowned Barbet,Psilopogon rafflesii
Crimson-fronted Barbet,Psilopogon rubricapillus
Great Barbet,Psilopogon virens
White-cheeked Barbet,Psilopogon viridis
Brown-headed Barbet,Psilopogon zeylanicus
Mountain Parakeet,Psilopsiagon aurifrons
Gray-hooded Parakeet,Psilopsiagon aymara
Spotted Bamboowren,Psilorhamphus guttatus
Brown Jay,Psilorhinus morio
Flammulated Owl,Psiloscops flammeolus
Red-masked Parakeet,Psittacara erythrogenys
Crimson-fronted Parakeet,Psittacara finschi
Green Parakeet,Psittacara holochlorus
White-eyed Parakeet,Psittacara leucophthalmus
Mitred Parakeet,Psittacara mitratus
Pacific Parakeet,Psittacara strenuus
Scarlet-fronted Parakeet,Psittacara wagleri
Red-breasted Parakeet,Psittacula alexandri
Layard's Parakeet,Psittacula calthrapae
Malabar Parakeet,Psittacula columboides
Plum-headed Parakeet,Psittacula cyanocephala
Echo Parakeet,Psittacula eques
Alexandrine Parakeet,Psittacula eupatria
Gray-headed Parakeet,Psittacula finschii
Slaty-headed Parakeet,Psittacula himalayana
Rose-ringed Parakeet,Psittacula krameri
Long-tailed Parakeet,Psittacula longicauda
Gray Parrot,Psittacus erithacus
Blue-rumped Parrot,Psittinus cyanurus
Gray-headed Parrotbill,Psittiparus gularis
Gray-winged Trumpeter,Psophia crepitans
Pale-winged Trumpeter,Psophia leucoptera
Dark-winged Trumpeter,Psophia viridis
Groundscraper Thrush,Psophocichla litsitsirupa
Chirruping Wedgebill,Psophodes cristatus
Western Whipbird,Psophodes nigrogularis
Chiming Wedgebill,Psophodes occidentalis
Eastern Whipbird,Psophodes olivaceus
King-of-Saxony Bird-of-Paradise,Pteridophora alberti
Red-billed Francolin,Pternistis adspersus
Red-necked Francolin,Pternistis afer
Ahanta Francolin,Pternistis ahantensis
Double-spurred Francolin,Pternistis bicalcaratus
Cape Francolin,Pternistis capensis
Erckel's Francolin,Pternistis erckelii
Hildebrandt's Francolin,Pternistis hildebrandti
Yellow-necked Francolin,Pternistis leucoscepus
Natal Francolin,Pternistis natalensis
Scaly Francolin,Pternistis squamatus
Swainson's Francolin,Pternistis swainsonii
Pin-tailed Sandgrouse,Pterocles alchata
Chestnut-bellied Sandgrouse,Pterocles exustus
Namaqua Sandgrouse,Pterocles namaqua
Black-bellied Sandgrouse,Pterocles orientalis
Spotted Sandgrouse,Pterocles senegallus
White-necked Petrel,Pterodroma cervicalis
Cook's Petrel,Pterodroma cookii
Juan Fernandez Petrel,Pterodroma externa
Bonin Petrel,Pterodroma hypoleuca
Mottled Petrel,Pterodroma inexpectata
Zino's Petrel,Pterodroma madeira
Kermadec Petrel,Pterodroma neglecta
Black-winged Petrel,Pterodroma nigripennis
Galapagos Petrel,Pterodroma phaeopygia
Hawaiian Petrel,Pterodroma sandwichensis
Black-necked Aracari,Pteroglossus aracari
Ivory-billed Aracari,Pteroglossus azara
Saffron Toucanet,Pteroglossus bailloni
Curl-crested Aracari,Pteroglossus beauharnaisii
Red-necked Aracari,Pteroglossus bitorquatus
Chestnut-eared Aracari,Pteroglossus castanotis
Fiery-billed Aracari,Pteroglossus frantzii
Lettered Aracari,Pteroglossus inscriptus
Many-banded Aracari,Pteroglossus pluricinctus
Collared Aracari,Pteroglossus torquatus
Common True Katydid,Pterophylla camellifolia
Chestnut-throated Huet-huet,Pteroptochos castaneus
Moustached Turca,Pteroptochos megapodius
Black-throated Huet-huet,Pteroptochos tarnii
White-throated Laughingthrush,Pterorhinus albogularis
Buffy Laughingthrush,Pterorhinus berthemyi
Black-throated Laughingthrush,Pterorhinus chinensis
Pere David's Laughingthrush,Pterorhinus davidi
Wayanad Laughingthrush,Pterorhinus delesserti
Chestnut-capped Laughingthrush,Pterorhinus mitratus
Greater Necklaced Laughingthrush,Pterorhinus pectoralis
Masked Laughingthrush,Pterorhinus perspicillatus
Rusty Laughingthrush,Pterorhinus poecilorhynchus
Rufous-necked Laughingthrush,Pterorhinus ruficollis
White-browed Laughingthrush,Pterorhinus sannio
Chestnut-hooded Laughingthrush,Pterorhinus treacheri
Blyth's Shrike-Babbler,Pteruthius aeralatus
Clicking Shrike-Babbler,Pteruthius intermedius
Black-eared Shrike-Babbler,Pteruthius melanotis
Himalayan Shrike-Babbler,Pteruthius ripleyi
Black-headed Shrike-Babbler,Pteruthius rufiventer
Green Shrike-Babbler,Pteruthius xanthochlorus
Orange-bellied Fruit-Dove,Ptilinopus iozonus
Wompoo Fruit-Dove,Ptilinopus magnificus
Black-naped Fruit-Dove,Ptilinopus melanospilus
Yellow-breasted Fruit-Dove,Ptilinopus occipitalis
Palau Fruit-Dove,Ptilinopus pelewensis
Crimson-crowned Fruit-Dove,Ptilinopus porphyraceus
Rose-crowned Fruit-Dove,Ptilinopus regina
White-breasted Fruit-Dove,Ptilinopus rivoli
Yellow-bibbed Fruit-Dove,Ptilinopus solomonensis
Superb Fruit-Dove,Ptilinopus superbus
Claret-breasted Fruit-Dove,Ptilinopus viridis
Long-tailed Silky-flycatcher,Ptiliogonys caudatus
Gray Silky-flycatcher,Ptiliogonys cinereus
Falcated Wren-Babbler,Ptilocichla falcata
Bornean Wren-Babbler,Ptilocichla leucogrammica
Striated Wren-Babbler,Ptilocichla mindanensis
Satin Bowerbird,Ptilonorhynchus violaceus
Stone Partridge,Ptilopachus petrosus
Rufous-backed Honeyeater,Ptiloprora guisei
Gray-streaked Honeyeater,Ptiloprora perstriata
Northern White-faced Owl,Ptilopsis leucotis
Magnificent Riflebird,Ptiloris magnificus
Paradise Riflebird,Ptiloris paradiseus
Victoria's Riflebird,Ptiloris victoriae
Blue Jewel-babbler,Ptilorrhoa caerulescens
Chestnut-backed Jewel-babbler,Ptilorrhoa castanonota
Spotted Jewel-babbler,Ptilorrhoa leucosticta
Piapiac,Ptilostomus afer
Fuscous Honeyeater,Ptilotula fusca
Yellow-plumed Honeyeater,Ptilotula ornata
White-plumed Honeyeater,Ptilotula penicillata
Cuban Blackbird,Ptiloxena atroviolacea
Dusky Crag-Martin,Ptyonoprogne concolor
Rock Martin,Ptyonoprogne fuligula
Eurasian Crag-Martin,Ptyonoprogne rupestris
Koklass Pheasant,Pucrasia macrolopha
Tropical Shearwater,Puffinus bailloni
Christmas Shearwater,Puffinus nativitatis
Newell's Shearwater,Puffinus newelli
Manx Shearwater,Puffinus puffinus
Tawny-browed Owl,Pulsatrix koeniswaldiana
Band-bellied Owl,Pulsatrix melanota
Spectacled Owl,Pulsatrix perspicillata
White-fronted Honeyeater,Purnella albifrons
Red-capped Parrot,Purpureicephalus spurius
Sooty-headed Bulbul,Pycnonotus aurigaster
Common Bulbul,Pycnonotus barbatus
Red-eyed Bulbul,Pycnonotus brunneus
Red-vented Bulbul,Pycnonotus cafer
Cape Bulbul,Pycnonotus capensis
Streak-eared Bulbul,Pycnonotus conradi
Stripe-throated Bulbul,Pycnonotus finlaysoni
Flavescent Bulbul,Pycnonotus flavescens
Yellow-vented Bulbul,Pycnonotus goiavier
Red-whiskered Bulbul,Pycnonotus jocosus
Himalayan Bulbul,Pycnonotus leucogenys
White-eared Bulbul,Pycnonotus leucotis
White-browed Bulbul,Pycnonotus luteolus
Black-fronted Bulbul,Pycnonotus nigricans
Olive-winged Bulbul,Pycnonotus plumosus
Cream-vented Bulbul,Pycnonotus simplex
Light-vented Bulbul,Pycnonotus sinensis
Striated Bulbul,Pycnonotus striatus
Styan's Bulbul,Pycnonotus taivanus
Yellow-throated Bulbul,Pycnonotus xantholaemus
White-spectacled Bulbul,Pycnonotus xanthopygos
Brown-breasted Bulbul,Pycnonotus xanthorrhous
Straw-headed Bulbul,Pycnonotus zeylanicus
Pilotbird,Pycnoptilus floccosus
White-throated Treerunner,Pygarrhichas albogularis
Spot-winged Antshrike,Pygiptila stellaris
Blue-and-white Swallow,Pygochelidon cyanoleuca
Adelie Penguin,Pygoscelis adeliae
Chinstrap Penguin,Pygoscelis antarcticus
Gentoo Penguin,Pygoscelis papua
Fringe-backed Fire-eye,Pyriglena atra
East Amazonian Fire-eye,Pyriglena leuconota
White-shouldered Fire-eye,Pyriglena leucoptera
Western Fire-eye,Pyriglena maura
Orange-cheeked Parrot,Pyrilia barrabandi
Caica Parrot,Pyrilia caica
Brown-hooded Parrot,Pyrilia haematotis
Rose-faced Parrot,Pyrilia pulchra
Saffron-headed Parrot,Pyrilia pyrilia
Vermilion Flycatcher,Pyrocephalus rubinus
Red-ruffed Fruitcrow,Pyroderus scutatus
Fire-eyed Diucon,Pyrope pyrope
Yellow-billed Chough,Pyrrhocorax graculus
Red-billed Chough,Pyrrhocorax pyrrhocorax
Redthroat,Pyrrholaemus brunneus
Speckled Warbler,Pyrrholaemus sagittatus
Cinnamon Flycatcher,Pyrrhomyias cinnamomeus
Gray-headed Bullfinch,Pyrrhula erythaca
Brown Bullfinch,Pyrrhula nipalensis
Eurasian Bullfinch,Pyrrhula pyrrhula
White-necked Parakeet,Pyrrhura albipectus
Santarem Parakeet,Pyrrhura amazonum
Brown-breasted Parakeet,Pyrrhura calliptera
Ochre-marked Parakeet,Pyrrhura cruentata
Maroon-bellied Parakeet,Pyrrhura frontalis
Red-eared Parakeet,Pyrrhura hoematotis
Sulphur-winged Parakeet,Pyrrhura hoffmanni
Maroon-faced Parakeet,Pyrrhura leucotis
Maroon-tailed Parakeet,Pyrrhura melanura
Green-cheeked Parakeet,Pyrrhura molinae
El Oro Parakeet,Pyrrhura orcesi
Crimson-bellied Parakeet,Pyrrhura perlata
Painted Parakeet,Pyrrhura picta
Rose-headed Parakeet,Pyrrhura rhodocephala
Rose-fronted Parakeet,Pyrrhura roseifrons
Black-capped Parakeet,Pyrrhura rupicola
Santa Marta Parakeet,Pyrrhura viridicata
Green-winged Pytilia,Pytilia melba
Red-billed Quelea,Quelea quelea
Purple-throated Fruitcrow,Querula purpurata
Carib Grackle,Quiscalus lugubris
Boat-tailed Grackle,Quiscalus major
Great-tailed Grackle,Quiscalus mexicanus
Nicaraguan Grackle,Quiscalus nicaraguensis
Greater Antillean Grackle,Quiscalus niger
Common Grackle,Quiscalus quiscula
Radjah Shelduck,Radjah radjah
Slaty-legged Crake,Rallina eurizonoides
Red-legged Crake,Rallina fasciata
Red-necked Crake,Rallina tricolor
Austral Rail,Rallus antarcticus
Water Rail,Rallus aquaticus
African Rail,Rallus caerulescens
Clapper Rail,Rallus crepitans
King Rail,Rallus elegans
Brown-cheeked Rail,Rallus indicus
Virginia Rail,Rallus limicola
Mangrove Rail,Rallus longirostris
Ridgway's Rail,Rallus obsoletus
Bogota Rail,Rallus semiplumbeus
Aztec Rail,Rallus tenuirostris
Yellow-throated Toucan,Ramphastos ambiguus
Choco Toucan,Ramphastos brevis
Red-breasted Toucan,Ramphastos dicolorus
Keel-billed Toucan,Ramphastos sulfuratus
Toco Toucan,Ramphastos toco
White-throated Toucan,Ramphastos tucanus
Channel-billed Toucan,Ramphastos vitellinus
Long-billed Gnatwren,Ramphocaenus melanurus
Chattering Gnatwren,Ramphocaenus sticturus
Brazilian Tanager,Ramphocelus bresilius
Silver-beaked Tanager,Ramphocelus carbo
Crimson-backed Tanager,Ramphocelus dimidiatus
Flame-rumped Tanager,Ramphocelus flammigerus
Black-bellied Tanager,Ramphocelus melanogaster
Masked Crimson Tanager,Ramphocelus nigrogularis
Scarlet-rumped Tanager,Ramphocelus passerinii
Crimson-collared Tanager,Ramphocelus sanguinolentus
Saw-billed Hermit,Ramphodon naevius
Purple-backed Thornbill,Ramphomicron microrhynchum
Flammulated Flycatcher,Ramphotrigon flammulatum
Dusky-tailed Flatbill,Ramphotrigon fuscicauda
Large-headed Flatbill,Ramphotrigon megacephalum
Rufous-tailed Flatbill,Ramphotrigon ruficauda
Brown-backed Honeyeater,Ramsayornis modestus
Blue-and-yellow Tanager,Rauenia bonariensis
American Avocet,Recurvirostra americana
Andean Avocet,Recurvirostra andina
Pied Avocet,Recurvirostra avosetta
Flamecrest,Regulus goodfellowi
Common Firecrest,Regulus ignicapilla
Madeira Firecrest,Regulus madeirensis
Goldcrest,Regulus regulus
Golden-crowned Kinglet,Regulus satrapa
Orange-backed Woodpecker,Reinwardtipicus validus
Great Cuckoo-Dove,Reinwardtoena reinwardti
Chinese Penduline-Tit,Remiz consobrinus
White-crowned Penduline-Tit,Remiz coronatus
Eurasian Penduline-Tit,Remiz pendulinus
Wrinkled Hornbill,Rhabdotorrhinus corrugatus
Sulawesi Hornbill,Rhabdotorrhinus exarhatus
Silver-rumped Needletail,Rhaphidura leucopygialis
Greater Rhea,Rhea americana
Chestnut-crested Antbird,Rhegmatorhina cristata
Bare-eyed Antbird,Rhegmatorhina gymnops
White-breasted Antbird,Rhegmatorhina hoffmannsi
Hairy-crested Antbird,Rhegmatorhina melanosticta
Crested Gallito,Rhinocrypta lanceolata
Common Scimitarbill,Rhinopomastus cyanomelas
Raffles's Malkoha,Rhinortha chlorophaea
White-throated Fantail,Rhipidura albicollis
Gray Fantail,Rhipidura albiscapa
Spot-breasted Fantail,Rhipidura albogularis
Friendly Fantail,Rhipidura albolimbata
Black Fantail,Rhipidura atra
White-browed Fantail,Rhipidura aureola
Dimorphic Fantail,Rhipidura brachyrhyncha
Blue-headed Fantail,Rhipidura cyaniceps
Arafura Fantail,Rhipidura dryas
New Zealand Fantail,Rhipidura fuliginosa
Malaysian Pied-Fantail,Rhipidura javanica
Willie-wagtail,Rhipidura leucophrys
White-bellied Thicket-Fantail,Rhipidura leucothorax
Black Thicket-Fantail,Rhipidura maculipectus
Philippine Pied-Fantail,Rhipidura nigritorquis
Spotted Fantail,Rhipidura perlata
Rufous Fantail,Rhipidura rufifrons
Northern Fantail,Rhipidura rufiventris
Sulawesi Fantail,Rhipidura teysmanni
Sooty Thicket-Fantail,Rhipidura threnothorax
Streaked Fantail,Rhipidura verreauxi
Rosy Thrush-Tanager,Rhodinocichla rosea
Rosy-patched Bushshrike,Rhodophoneus cruentus
Crimson-breasted Finch,Rhodospingus cruentus
Desert Finch,Rhodospiza obsoleta
Ross's Gull,Rhodostethia rosea
Crimson-collared Grosbeak,Rhodothraupis celaeno
Star-throated Antwren,Rhopias gularis
Beijing Babbler,Rhopophilus pekinensis
Slender Antbird,Rhopornis ardesiacus
Band-tailed Sierra Finch,Rhopospina alaudina
Blue Finch,Rhopospina caerulescens
Mourning Sierra Finch,Rhopospina fruticeti
Eye-ringed Flatbill,Rhynchocyclus brevirostris
Olivaceous Flatbill,Rhynchocyclus olivaceus
Thick-billed Longspur,Rhynchophanes mccownii
Thick-billed Parrot,Rhynchopsitta pachyrhyncha
Maroon-fronted Parrot,Rhynchopsitta terrisi
Tawny-faced Quail,Rhynchortyx cinctus
Tumbes Sparrow,Rhynchospiza stolzmanni
Chaco Sparrow,Rhynchospiza strigiceps
Red-winged Tinamou,Rhynchotus rufescens
Kagu,Rhynochetos jubatus
Knobbed Hornbill,Rhyticeros cassidix
Blyth's Hornbill,Rhyticeros plicatus
Wreathed Hornbill,Rhyticeros undulatus
Rufous Mourner,Rhytipterna holerythra
Pale-bellied Mourner,Rhytipterna immunda
Grayish Mourner,Rhytipterna simplex
Gray-throated Martin,Riparia chinensis
Pale Sand Martin,Riparia diluta
Plain Martin,Riparia paludicola
Bank Swallow,Riparia riparia
Black-legged Kittiwake,Rissa tridactyla
Crested Partridge,Rollulus rouloul
Roraiman Barbtail,Roraimia adusta
Greater Painted-Snipe,Rostratula benghalensis
Snail Kite,Rostrhamus sociabilis
Spectacled Bulbul,Rubigula erythropthalmos
Black-crested Bulbul,Rubigula flaviventris
Flame-throated Bulbul,Rubigula gularis
Andean Cock-of-the-rock,Rupicola peruvianus
Guianan Cock-of-the-rock,Rupicola rupicola
Roadside Hawk,Rupornis magnirostris
Black Skimmer,Rynchops niger
Black-crested Antshrike,Sakesphorus canadensis
Silvery-cheeked Antshrike,Sakesphorus cristatus
Glossy Antshrike,Sakesphorus luctuosus
Rock Wren,Salpinctes obsoletus
African Spotted Creeper,Salpornis salvadori
Lesser Antillean Saltator,Saltator albicollis
Black-headed Saltator,Saltator atriceps
Black-winged Saltator,Saltator atripennis
Golden-billed Saltator,Saltator aurantiirostris
Masked Saltator,Saltator cinctus
Blue-gray Saltator,Saltator coerulescens
Black-throated Grosbeak,Saltator fuliginosus
Cinnamon-bellied Saltator,Saltator grandis
Slate-colored Grosbeak,Saltator grossus
Thick-billed Saltator,Saltator maxillosus
Buff-throated Saltator,Saltator maximus
Black-cowled Saltator,Saltator nigriceps
Olivaceous Saltator,Saltator olivascens
Orinocan Saltator,Saltator orenocensis
Green-winged Saltator,Saltator similis
Streaked Saltator,Saltator striatipectus
Black-throated Saltator,Saltatricula atricollis
Many-colored Chaco Finch,Saltatricula multicolor
Sapayoa,Sapayoa aenigma
Red-tailed Comet,Sappho sparganurus
Coleto,Sarcops calvus
Buff-spotted Flufftail,Sarothrura elegans
Madagascar Flufftail,Sarothrura insularis
White-spotted Flufftail,Sarothrura pulchra
Red-chested Flufftail,Sarothrura rufa
Rufous Piculet,Sasia abnormis
White-browed Piculet,Sasia ochracea
Berylline Hummingbird,Saucerottia beryllina
Azure-crowned Hummingbird,Saucerottia cyanocephala
Copper-rumped Hummingbird,Saucerottia tobaci
Saunders's Gull,Saundersilarus saundersi
Pied Bushchat,Saxicola caprata
Gray Bushchat,Saxicola ferreus
Siberian Stonechat,Saxicola maurus
Whinchat,Saxicola rubetra
European Stonechat,Saxicola rubicola
Amur Stonechat,Saxicola stejnegeri
African Stonechat,Saxicola torquatus
Black Phoebe,Sayornis nigricans
Eastern Phoebe,Sayornis phoebe
Say's Phoebe,Sayornis saya
Couch's Spadefoot,Scaphiopus couchii
White-throated Tapaculo,Scelorchilus albicollis
Chucao Tapaculo,Scelorchilus rubecula
Tooth-billed Bowerbird,Scenopoeetes dentirostris
Rufous Vanga,Schetba rufa
Foothill Schiffornis,Schiffornis aenea
Varzea Schiffornis,Schiffornis major
Olivaceous Schiffornis,Schiffornis olivacea
Russet-winged Schiffornis,Schiffornis stenorhyncha
Brown-winged Schiffornis,Schiffornis turdina
Northern Schiffornis,Schiffornis veraepacis
Greenish Schiffornis,Schiffornis virescens
Geoffroy's Daggerbill,Schistes geoffroyi
Black-faced Tanager,Schistochlamys melanopis
Cinnamon Tanager,Schistochlamys ruficapillus
Broad-tailed Grassbird,Schoenicola platyurus
Bristled Grassbird,Schoenicola striatus
Chotoy Spinetail,Schoeniophylax phryganophilus
Dusky Fulvetta,Schoeniparus brunneus
Rufous-winged Fulvetta,Schoeniparus castaneceps
Yellow-throated Fulvetta,Schoeniparus cinereus
Rusty-capped Fulvetta,Schoeniparus dubius
Rufous-throated Fulvetta,Schoeniparus rufogularis
Zimmer's Antbird,Sciaphylax castanea
Chestnut-tailed Antbird,Sciaphylax hemimelaena
Eastern Gray Squirrel,Sciurus carolinensis
Silvered Antbird,Sclateria naevia
Gray-winged Francolin,Scleroptila afra
Orange River Francolin,Scleroptila gutturalis
Red-winged Francolin,Scleroptila levaillantii
Shelley's Francolin,Scleroptila shelleyi
Gray-throated Leaftosser,Sclerurus albigularis
Black-tailed Leaftosser,Sclerurus caudacutus
Scaly-throated Leaftosser,Sclerurus guatemalensis
Middle American Leaftosser,Sclerurus mexicanus
South American Leaftosser,Sclerurus obscurior
Short-billed Leaftosser,Sclerurus rufigularis
Rufous-breasted Leaftosser,Sclerurus scansor
Bukidnon Woodcock,Scolopax bukidnonensis
American Woodcock,Scolopax minor
Eurasian Woodcock,Scolopax rusticola
Hamerkop,Scopus umbretta
Scrub Warbler,Scotocerca inquieta
Curve-tailed Bush Katydid,Scudderia curvicauda
Fork-tailed Bush Katydid,Scudderia furcata
Texas Bush Katydid,Scudderia texensis
Tschudi's Tapaculo,Scytalopus acutirostris
Ancash Tapaculo,Scytalopus affinis
Neblina Tapaculo,Scytalopus altirostris
Tatama Tapaculo,Scytalopus alvarezlopezi
Loja Tapaculo,Scytalopus androstictus
Silvery-fronted Tapaculo,Scytalopus argentifrons
White-crowned Tapaculo,Scytalopus atratus
Bolivian Tapaculo,Scytalopus bolivianus
Paramillo Tapaculo,Scytalopus canus
Caracas Tapaculo,Scytalopus caracae
Choco Tapaculo,Scytalopus chocoensis
Diamantina Tapaculo,Scytalopus diamantinensis
Rufous-vented Tapaculo,Scytalopus femoralis
Jalca Tapaculo,Scytalopus frankeae
Dusky Tapaculo,Scytalopus fuscus
Pale-bellied Tapaculo,Scytalopus griseicollis
Utcubamba Tapaculo,Scytalopus intermedius
Marsh Tapaculo,Scytalopus iraiensis
Brown-rumped Tapaculo,Scytalopus latebricola
Blackish Tapaculo,Scytalopus latrans
Large-footed Tapaculo,Scytalopus macropus
Magellanic Tapaculo,Scytalopus magellanicus
Merida Tapaculo,Scytalopus meridanus
Long-tailed Tapaculo,Scytalopus micropterus
Brasilia Tapaculo,Scytalopus novacapitalis
Paramo Tapaculo,Scytalopus opacus
Planalto Tapaculo,Scytalopus pachecoi
Chusquea Tapaculo,Scytalopus parkeri
Trilling Tapaculo,Scytalopus parvirostris
Perija Tapaculo,Scytalopus perijanus
Rock Tapaculo,Scytalopus petrophilus
Ecuadorian Tapaculo,Scytalopus robbinsi
Magdalena Tapaculo,Scytalopus rodriguezi
Santa Marta Tapaculo,Scytalopus sanctaemartae
Diademed Tapaculo,Scytalopus schulenbergi
Puna Tapaculo,Scytalopus simonsi
Mouse-colored Tapaculo,Scytalopus speluncae
Spillmann's Tapaculo,Scytalopus spillmanni
Stiles's Tapaculo,Scytalopus stilesi
White-browed Tapaculo,Scytalopus superciliaris
Unicolored Tapaculo,Scytalopus unicolor
Vilcabamba Tapaculo,Scytalopus urubambae
Nariño Tapaculo,Scytalopus vicinior
Zimmer's Tapaculo,Scytalopus zimmeri
Channel-billed Cuckoo,Scythrops novaehollandiae
Ovenbird,Seiurus aurocapilla
Calliope Hummingbird,Selasphorus calliope
Wine-throated Hummingbird,Selasphorus ellioti
Bumblebee Hummingbird,Selasphorus heloisa
Broad-tailed Hummingbird,Selasphorus platycercus
Rufous Hummingbird,Selasphorus rufus
Allen's Hummingbird,Selasphorus sasin
Gould's Toucanet,Selenidera gouldii
Spot-billed Toucanet,Selenidera maculirostris
Guianan Toucanet,Selenidera piperivora
Golden-collared Toucanet,Selenidera reinwardtii
Yellow-eared Toucanet,Selenidera spectabilis
Twelve-wired Bird-of-Paradise,Seleucidis melanoleucus
Standardwing Bird-of-Paradise,Semioptera wallacii
Prong-billed Barbet,Semnornis frantzii
Toucan Barbet,Semnornis ramphastinus
Green-backed Firecrown,Sephanoides sephaniodes
Yellow-throated Scrubwren,Sericornis citreogularis
White-browed Scrubwren,Sericornis frontalis
Tasmanian Scrubwren,Sericornis humilis
Large-billed Scrubwren,Sericornis magnirostra
Papuan Scrubwren,Sericornis papuensis
White-capped Tanager,Sericossypha albocristata
Silver-breasted Broadbill,Serilophus lunatus
Black-headed Canary,Serinus alario
Island Canary,Serinus canaria
Cape Canary,Serinus canicollis
Yellow-crowned Canary,Serinus flavivertex
Fire-fronted Serin,Serinus pusillus
European Serin,Serinus serinus
Torrent Tyrannulet,Serpophaga cinerea
Straneck's Tyrannulet,Serpophaga griseicapilla
River Tyrannulet,Serpophaga hypoleuca
White-bellied Tyrannulet,Serpophaga munda
Sooty Tyrannulet,Serpophaga nigricans
White-crested Tyrannulet,Serpophaga subcristata
Little Nightjar,Setopagis parvula
Adelaide's Warbler,Setophaga adelaidae
Northern Parula,Setophaga americana
Black-throated Blue Warbler,Setophaga caerulescens
Bay-breasted Warbler,Setophaga castanea
Cerulean Warbler,Setophaga cerulea
Golden-cheeked Warbler,Setophaga chrysoparia
Hooded Warbler,Setophaga citrina
Yellow-rumped Warbler,Setophaga coronata
Prairie Warbler,Setophaga discolor
Yellow-throated Warbler,Setophaga dominica
Blackburnian Warbler,Setophaga fusca
Grace's Warbler,Setophaga graciae
Kirtland's Warbler,Setophaga kirtlandii
Magnolia Warbler,Setophaga magnolia
Black-throated Gray Warbler,Setophaga nigrescens
Hermit Warbler,Setophaga occidentalis
Palm Warbler,Setophaga palmarum
Chestnut-sided Warbler,Setophaga pensylvanica
Yellow Warbler,Setophaga petechia
Pine Warbler,Setophaga pinus
Tropical Parula,Setophaga pitiayumi
Olive-capped Warbler,Setophaga pityophila
American Redstart,Setophaga ruticilla
Blackpoll Warbler,Setophaga striata
Cape May Warbler,Setophaga tigrina
Townsend's Warbler,Setophaga townsendi
Black-throated Green Warbler,Setophaga virens
East Coast Akalat,Sheppardia gunningi
Sharpe's Akalat,Sheppardia sharpei
White-bellied Sholakili,Sholicola albiventris
Nilgiri Sholakili,Sholicola major
Mountain Bluebird,Sialia currucoides
Western Bluebird,Sialia mexicana
Eastern Bluebird,Sialia sialis
Greater Yellow-Finch,Sicalis auriventris
Stripe-tailed Yellow-Finch,Sicalis citrina
Saffron Finch,Sicalis flaveola
Patagonian Yellow-Finch,Sicalis lebruni
Citron-headed Yellow-Finch,Sicalis luteocephala
Grassland Yellow-Finch,Sicalis luteola
Greenish Yellow-Finch,Sicalis olivascens
Bright-rumped Yellow-Finch,Sicalis uropygialis
Vinous-throated Parrotbill,Sinosuthora webbiana
Least Pauraque,Siphonorhis brewsteri
Stub-tailed Antbird,Sipia berlepschi
Dull-mantled Antbird,Sipia laemosticta
Esmeraldas Antbird,Sipia nigricauda
Magdalena Antbird,Sipia palliata
Siren,Siren
White-rumped Sirystes,Sirystes albocinereus
Choco Sirystes,Sirystes albogriseus
Sibilant Sirystes,Sirystes sibilator
Red-breasted Nuthatch,Sitta canadensis
White-breasted Nuthatch,Sitta carolinensis
Chestnut-bellied Nuthatch,Sitta cinnamoventris
Eurasian Nuthatch,Sitta europaea
Velvet-fronted Nuthatch,Sitta frontalis
White-tailed Nuthatch,Sitta himalayensis
Krüper's Nuthatch,Sitta krueperi
Giant Nuthatch,Sitta magna
Chestnut-vented Nuthatch,Sitta nagaensis
Western Rock Nuthatch,Sitta neumayer
Brown-headed Nuthatch,Sitta pusilla
Pygmy Nuthatch,Sitta pygmaea
Eastern Rock Nuthatch,Sitta tephronota
Snowy-browed Nuthatch,Sitta villosa
Corsican Nuthatch,Sitta whiteheadi
Yunnan Nuthatch,Sitta yunnanensis
Olivaceous Woodcreeper,Sittasomus griseicapillus
Chestnut-bellied Tit,Sittiparus castaneoventris
Owston's Tit,Sittiparus owstoni
Varied Tit,Sittiparus varius
Weebill,Smicrornis brevirostris
African Broadbill,Smithornis capensis
Rufous-sided Broadbill,Smithornis rufolateralis
Gray-tailed Piha,Snowornis subalaris
Common Eider,Somateria mollissima
King Eider,Somateria spectabilis
Bay-capped Wren-Spinetail,Spartonoica maluroides
Northern Shoveler,Spatula clypeata
Cinnamon Teal,Spatula cyanoptera
Blue-winged Teal,Spatula discors
Red Shoveler,Spatula platalea
Puna Teal,Spatula puna
Garganey,Spatula querquedula
Plains Spadefoot,Spea bombifrons
Rufous-throated Wren-Babbler,Spelaeornis caudatus
Chin Hills Wren-Babbler,Spelaeornis oatesi
Bar-winged Wren-Babbler,Spelaeornis troglodytoides
Bronze Mannikin,Spermestes cucullata
Western Bluebill,Spermophaga haematina
Australasian Figbird,Sphecotheres vieilloti
African Penguin,Spheniscus demersus
Magellanic Penguin,Spheniscus magellanicus
Cape Grassbird,Sphenoeacus afer
Oleaginous Hemispingus,Sphenopsis frontalis
Black-eared Hemispingus,Sphenopsis melanotis
Red-naped Sapsucker,Sphyrapicus nuchalis
Red-breasted Sapsucker,Sphyrapicus ruber
Williamson's Sapsucker,Sphyrapicus thyroideus
Yellow-bellied Sapsucker,Sphyrapicus varius
Cricket Longtail,Spiloptila clamans
Crested Serpent-Eagle,Spilornis cheela
Philippine Serpent-Eagle,Spilornis holospilus
Western Spindalis,Spindalis zena
Black Siskin,Spinus atratus
Black-chinned Siskin,Spinus barbatus
Thick-billed Siskin,Spinus crassirostris
Red Siskin,Spinus cucullatus
Lawrence's Goldfinch,Spinus lawrencei
Hooded Siskin,Spinus magellanicus
Black-headed Siskin,Spinus notatus
Olivaceous Siskin,Spinus olivaceus
Pine Siskin,Spinus pinus
Lesser Goldfinch,Spinus psaltria
Andean Siskin,Spinus spinescens
Eurasian Siskin,Spinus spinus
American Goldfinch,Spinus tristis
Yellow-bellied Siskin,Spinus xanthogastrus
Dickcissel,Spiza americana
Black-and-chestnut Eagle,Spizaetus isidori
Black-and-white Hawk-Eagle,Spizaetus melanoleucus
Ornate Hawk-Eagle,Spizaetus ornatus
Black Hawk-Eagle,Spizaetus tyrannus
Black-chinned Sparrow,Spizella atrogularis
Brewer's Sparrow,Spizella breweri
Clay-colored Sparrow,Spizella pallida
Chipping Sparrow,Spizella passerina
Field Sparrow,Spizella pusilla
Worthen's Sparrow,Spizella wortheni
American Tree Sparrow,Spizelloides arborea
Spot-winged Falconet,Spiziapteryx circumcincta
Crested Finchbill,Spizixos canifrons
Collared Finchbill,Spizixos semitorques
White-cheeked Starling,Spodiopsar cineraceus
Red-billed Starling,Spodiopsar sericeus
Slaty Finch,Spodiornis rusticus
Blue-capped Tanager,Sporathraupis cyanocephala
White-throated Seedeater,Sporophila albogularis
Chestnut-bellied Seed-Finch,Sporophila angolensis
Black-billed Seed-Finch,Sporophila atrirostris
Copper Seedeater,Sporophila bouvreuil
Lesson's Seedeater,Sporophila bouvronides
Double-collared Seedeater,Sporophila caerulescens
Chestnut-bellied Seedeater,Sporophila castaneiventris
Chestnut Seedeater,Sporophila cinnamomea
Rusty-collared Seedeater,Sporophila collaris
Variable Seedeater,Sporophila corvina
Large-billed Seed-Finch,Sporophila crassirostris
Temminck's Seedeater,Sporophila falcirostris
White-naped Seedeater,Sporophila fringilloides
Buffy-fronted Seedeater,Sporophila frontalis
Thick-billed Seed-Finch,Sporophila funerea
Rufous-rumped Seedeater,Sporophila hypochroma
Tawny-bellied Seedeater,Sporophila hypoxantha
Gray Seedeater,Sporophila intermedia
White-bellied Seedeater,Sporophila leucoptera
Lined Seedeater,Sporophila lineola
Black-and-white Seedeater,Sporophila luctuosa
Ruddy-breasted Seedeater,Sporophila minuta
Morelet's Seedeater,Sporophila morelleti
Caqueta Seedeater,Sporophila murallae
Yellow-bellied Seedeater,Sporophila nigricollis
Nicaraguan Seed-Finch,Sporophila nuttingi
Marsh Seedeater,Sporophila palustris
Parrot-billed Seedeater,Sporophila peruviana
Pearly-bellied Seedeater,Sporophila pileata
Plumbeous Seedeater,Sporophila plumbea
Dark-throated Seedeater,Sporophila ruficollis
Slate-colored Seedeater,Sporophila schistacea
Drab Seedeater,Sporophila simplex
Chestnut-throated Seedeater,Sporophila telasco
Cinnamon-rumped Seedeater,Sporophila torqueola
Speckle-fronted Weaver,Sporopipes frontalis
Scaly Weaver,Sporopipes squamifrons
Chestnut-rumped Babbler,Stachyris maculata
Gray-throated Babbler,Stachyris nigriceps
Black-throated Babbler,Stachyris nigricollis
Gray-headed Babbler,Stachyris poliocephala
Spot-necked Babbler,Stachyris strialata
White-bibbed Babbler,Stachyris thoracica
White-eared Barbet,Stactolaema leucotis
Green Barbet,Stactolaema olivacea
Beautiful Firetail,Stagonopleura bella
Indochinese Yuhina,Staphida torqueola
Oilbird,Steatornis caripensis
Slender-billed Greenbul,Stelgidillas gracilirostris
Southern Rough-winged Swallow,Stelgidopteryx ruficollis
Northern Rough-winged Swallow,Stelgidopteryx serripennis
Fairy Flycatcher,Stenostira scita
Crowned Eagle,Stephanoaetus coronatus
Diademed Tanager,Stephanophorus diadematus
Green-crowned Plovercrest,Stephanoxis lalandi
Purple-crowned Plovercrest,Stephanoxis loddigesii
Brown Skua,Stercorarius antarcticus
Long-tailed Jaeger,Stercorarius longicaudus
South Polar Skua,Stercorarius maccormicki
Parasitic Jaeger,Stercorarius parasiticus
Pomarine Jaeger,Stercorarius pomarinus
Great Skua,Stercorarius skua
River Tern,Sterna aurantia
Roseate Tern,Sterna dougallii
Forster's Tern,Sterna forsteri
South American Tern,Sterna hirundinacea
Common Tern,Sterna hirundo
Arctic Tern,Sterna paradisaea
White-cheeked Tern,Sterna repressa
White-fronted Tern,Sterna striata
Black-naped Tern,Sterna sumatrana
Snowy-crowned Tern,Sterna trudeaui
Antarctic Tern,Sterna vittata
Little Tern,Sternula albifrons
Least Tern,Sternula antillarum
Saunders's Tern,Sternula saundersi
Yellow-billed Tern,Sternula superciliaris
Greater Wagtail-Tyrant,Stigmatura budytoides
Lesser Wagtail-Tyrant,Stigmatura napensis
Burnished-buff Tanager,Stilpnia cayana
Blue-necked Tanager,Stilpnia cyanicollis
Black-headed Tanager,Stilpnia cyanoptera
Black-capped Tanager,Stilpnia heinei
Golden-hooded Tanager,Stilpnia larvata
Masked Tanager,Stilpnia nigrocincta
Black-backed Tanager,Stilpnia peruviana
Chestnut-backed Tanager,Stilpnia preciosa
Scrub Tanager,Stilpnia vitriolina
Forest Robin,Stiphrornis erythrothorax
Southern Emuwren,Stipiturus malachurus
Double-barred Finch,Stizoptera bichenovii
White-gaped Honeyeater,Stomiopera unicolor
Black Currawong,Strepera fuliginosa
Pied Currawong,Strepera graculina
Gray Currawong,Strepera versicolor
Ring-necked Dove,Streptopelia capicola
Spotted Dove,Streptopelia chinensis
Eurasian Collared-Dove,Streptopelia decaocto
Mourning Collared-Dove,Streptopelia decipiens
Dusky Turtle-Dove,Streptopelia lugens
Oriental Turtle-Dove,Streptopelia orientalis
African Collared-Dove,Streptopelia roseogrisea
Red-eyed Dove,Streptopelia semitorquata
Laughing Dove,Streptopelia senegalensis
Red Collared-Dove,Streptopelia tranquebarica
European Turtle-Dove,Streptopelia turtur
Vinaceous Dove,Streptopelia vinacea
Biscutate Swift,Streptoprocne biscutata
Chestnut-collared Swift,Streptoprocne rutila
White-collared Swift,Streptoprocne zonaris
Tawny Owl,Strix aluco
Chaco Owl,Strix chacoensis
Fulvous Owl,Strix fulvescens
Desert Owl,Strix hadorami
Rusty-barred Owl,Strix hylophila
Brown Wood-Owl,Strix leptogrammica
Great Gray Owl,Strix nebulosa
Himalayan Owl,Strix nivicolum
Spotted Owl,Strix occidentalis
Mottled Wood-Owl,Strix ocellata
Rufous-legged Owl,Strix rufipes
Spotted Wood-Owl,Strix seloputo
Ural Owl,Strix uralensis
Barred Owl,Strix varia
African Wood-Owl,Strix woodfordii
Apostlebird,Struthidea cinerea
Eastern Meadowlark,Sturnella magna
Western Meadowlark,Sturnella neglecta
Malabar Starling,Sturnia blythii
Chestnut-tailed Starling,Sturnia malabarica
Brahminy Starling,Sturnia pagodarum
White-shouldered Starling,Sturnia sinensis
Spotless Starling,Sturnus unicolor
European Starling,Sturnus vulgaris
Northern Scrub-Flycatcher,Sublegatus arenarum
Southern Scrub-Flycatcher,Sublegatus modestus
Amazonian Scrub-Flycatcher,Sublegatus obscurior
Black Honeyeater,Sugomel nigrum
Suiriri Flycatcher,Suiriri suiriri
Masked Booby,Sula dactylatra
Brown Booby,Sula leucogaster
Blue-footed Booby,Sula nebouxii
Red-footed Booby,Sula sula
Northern Hawk Owl,Surnia ulula
Fork-tailed Drongo-Cuckoo,Surniculus dicruroides
Square-tailed Drongo-Cuckoo,Surniculus lugubris
Philippine Drongo-Cuckoo,Surniculus velutinus
Black-throated Parrotbill,Suthora nipalensis
Golden Parrotbill,Suthora verreauxi
Swynnerton's Robin,Swynnertonia swynnertoni
African Hill Babbler,Sylvia abyssinica
Eurasian Blackcap,Sylvia atricapilla
Rwenzori Hill Babbler,Sylvia atriceps
Garden Warbler,Sylvia borin
Bush Blackcap,Sylvia nigricapillus
Northern Crombec,Sylvietta brachyura
Cape Crombec,Sylvietta rufescens
Red-capped Crombec,Sylvietta ruficapilla
Green Crombec,Sylvietta virens
Red-faced Crombec,Sylvietta whytii
Des Murs's Wiretail,Sylviorthorhynchus desmursii
Tawny Tit-Spinetail,Sylviorthorhynchus yanacensis
Yellow-browed Tit,Sylviparus modestus
Yellow-billed Kingfisher,Syma torotoro
Spectacled Monarch,Symposiachrus trivirgatus
Pale-breasted Spinetail,Synallaxis albescens
Dark-breasted Spinetail,Synallaxis albigularis
White-lored Spinetail,Synallaxis albilora
Azara's Spinetail,Synallaxis azarae
Slaty Spinetail,Synallaxis brachyura
Cabanis's Spinetail,Synallaxis cabanisi
White-whiskered Spinetail,Synallaxis candei
Black-throated Spinetail,Synallaxis castanea
Chestnut-throated Spinetail,Synallaxis cherriei
Gray-bellied Spinetail,Synallaxis cinerascens
Bahia Spinetail,Synallaxis cinerea
Stripe-breasted Spinetail,Synallaxis cinnamomea
Apurimac Spinetail,Synallaxis courseni
Rufous-breasted Spinetail,Synallaxis erythrothorax
Sooty-fronted Spinetail,Synallaxis frontalis
Rusty-headed Spinetail,Synallaxis fuscorufa
Plain-crowned Spinetail,Synallaxis gujanensis
Red-shouldered Spinetail,Synallaxis hellmayri
Great Spinetail,Synallaxis hypochondriaca
Cinereous-breasted Spinetail,Synallaxis hypospodia
Pinto's Spinetail,Synallaxis infuscata
Hoary-throated Spinetail,Synallaxis kollari
McConnell's Spinetail,Synallaxis macconnelli
Marañon Spinetail,Synallaxis maranonica
Dusky Spinetail,Synallaxis moesta
Rufous-capped Spinetail,Synallaxis ruficapilla
Ruddy Spinetail,Synallaxis rutilans
Ochre-cheeked Spinetail,Synallaxis scutata
Spix's Spinetail,Synallaxis spixi
Necklaced Spinetail,Synallaxis stictothorax
Silvery-throated Spinetail,Synallaxis subpudica
Blackish-headed Spinetail,Synallaxis tithys
Rufous Spinetail,Synallaxis unirufa
Russet-mantled Foliage-gleaner,Syndactyla dimidiata
Guttulate Foliage-gleaner,Syndactyla guttulata
Rufous-necked Foliage-gleaner,Syndactyla ruficollis
Buff-browed Foliage-gleaner,Syndactyla rufosuperciliata
Bolivian Recurvebill,Syndactyla striata
Lineated Foliage-gleaner,Syndactyla subalaris
Peruvian Recurvebill,Syndactyla ucayalae
Blue-breasted Quail,Synoicus chinensis
Brown Quail,Synoicus ypsilophorus
Whistling Heron,Syrigma sibilatrix
Pallas's Sandgrouse,Syrrhaptes paradoxus
Tschudi's Nightjar,Systellura decussata
Band-winged Nightjar,Systellura longirostris
Sirkeer Malkoha,Taccocua leschenaultii
Antillean Palm-Swift,Tachornis phoenicobia
Fork-tailed Palm-Swift,Tachornis squamata
Many-colored Rush Tyrant,Tachuris rubrigastra
Least Grebe,Tachybaptus dominicus
Australasian Grebe,Tachybaptus novaehollandiae
Little Grebe,Tachybaptus ruficollis
Mangrove Swallow,Tachycineta albilinea
White-winged Swallow,Tachycineta albiventer
Tree Swallow,Tachycineta bicolor
Golden Swallow,Tachycineta euchrysea
Chilean Swallow,Tachycineta leucopyga
White-rumped Swallow,Tachycineta leucorrhoa
Violet-green Swallow,Tachycineta thalassina
Flying Steamer-Duck,Tachyeres patachonicus
Ruby-crowned Tanager,Tachyphonus coronatus
Tawny-crested Tanager,Tachyphonus delatrii
Red-shouldered Tanager,Tachyphonus phoenicius
White-lined Tanager,Tachyphonus rufus
Fulvous-crested Tanager,Tachyphonus surinamus
South African Shelduck,Tadorna cana
Ruddy Shelduck,Tadorna ferruginea
Common Shelduck,Tadorna tadorna
Australian Shelduck,Tadorna tadornoides
Paradise Shelduck,Tadorna variegata
Collared Owlet,Taenioptynx brodiei
Zebra Finch,Taeniopygia guttata
Black-chested Tyrant,Taeniotriccus andrei
Olive-spotted Hummingbird,Talaphorus chlorocercus
Yellow-legged Brushturkey,Talegalla fuscirostris
Red-legged Brushturkey,Talegalla jobiensis
Eastern Chipmunk,Tamias striatus
Red Squirrel,Tamiasciurus hudsonicus
Golden Tanager,Tangara arthus
Paradise Tanager,Tangara chilensis
Red-necked Tanager,Tangara cyanocephala
Gilt-edged Tanager,Tangara cyanoventris
Brassy-breasted Tanager,Tangara desmaresti
Spangle-cheeked Tanager,Tangara dowii
Emerald Tanager,Tangara florida
Bay-headed Tanager,Tangara gyrola
Silver-throated Tanager,Tangara icterocephala
Plain-colored Tanager,Tangara inornata
Metallic-green Tanager,Tangara labradorides
Rufous-winged Tanager,Tangara lavinia
Turquoise Tanager,Tangara mexicana
Beryl-spangled Tanager,Tangara nigroviridis
Flame-faced Tanager,Tangara parzudakii
Green-and-gold Tanager,Tangara schrankii
Green-headed Tanager,Tangara seledon
Blue-and-black Tanager,Tangara vassorii
Opal-rumped Tanager,Tangara velia
Saffron-crowned Tanager,Tangara xanthocephala
Azure-rumped Parrot,Tanygnathus sumatranus
Common Paradise-Kingfisher,Tanysiptera galatea
Buff-breasted Paradise-Kingfisher,Tanysiptera sylvia
Striped Cuckoo,Tapera naevia
Great Antshrike,Taraba major
Chaco Earthcreeper,Tarphonomus certhioides
Bolivian Earthcreeper,Tarphonomus harterti
Golden Bush-Robin,Tarsiger chrysaeus
Red-flanked Bluetail,Tarsiger cyanurus
White-browed Bush-Robin,Tarsiger indicus
Collared Bush-Robin,Tarsiger johnstoniae
Himalayan Bluetail,Tarsiger rufilatus
Knysna Turaco,Tauraco corythaix
Fischer's Turaco,Tauraco fischeri
Hartlaub's Turaco,Tauraco hartlaubi
White-cheeked Turaco,Tauraco leucotis
Livingstone's Turaco,Tauraco livingstonii
Yellow-billed Turaco,Tauraco macrorhynchus
Guinea Turaco,Tauraco persa
Purple-crested Turaco,Tauraco porphyreolophus
Schalow's Turaco,Tauraco schalowi
Brown-crowned Tchagra,Tchagra australis
Black-crowned Tchagra,Tchagra senegalus
Southern Tchagra,Tchagra tchagra
Sandy Gallito,Teledromas fuscus
Nihoa Finch,Telespiza ultima
Gray-green Bushshrike,Telophorus bocagei
Doherty's Bushshrike,Telophorus dohertyi
Black-fronted Bushshrike,Telophorus nigrifrons
Olive Bushshrike,Telophorus olivaceus
Sulphur-breasted Bushshrike,Telophorus sulfureopectus
Four-colored Bushshrike,Telophorus viridis
Bokmakierie,Telophorus zeylonus
Ratchet-tailed Treepie,Temnurus temnurus
Common Woodshrike,Tephrodornis pondicerianus
Malabar Woodshrike,Tephrodornis sylvicola
Large Woodshrike,Tephrodornis virgatus
Ruddy-tailed Flycatcher,Terenotriccus erythrurus
Streak-capped Antwren,Terenura maculata
Orange-bellied Antwren,Terenura sicki
Yellow-headed Warbler,Teretistris fernandinae
Oriente Warbler,Teretistris fornsi
Blyth's Paradise-Flycatcher,Terpsiphone affinis
Japanese Paradise-Flycatcher,Terpsiphone atrocaudata
Mascarene Paradise-Flycatcher,Terpsiphone bourbonnensis
Rufous Paradise-Flycatcher,Terpsiphone cinnamomea
Amur Paradise-Flycatcher,Terpsiphone incei
Malagasy Paradise-Flycatcher,Terpsiphone mutata
Indian Paradise-Flycatcher,Terpsiphone paradisi
Black-headed Paradise-Flycatcher,Terpsiphone rufiventer
African Paradise-Flycatcher,Terpsiphone viridis
Swallow Tanager,Tersina viridis
Gray-bellied Tesia,Tesia cyaniventer
Russet-capped Tesia,Tesia everetti
Slaty-bellied Tesia,Tesia olivea
Javan Tesia,Tesia superciliaris
Western Capercaillie,Tetrao urogallus
Caucasian Snowcock,Tetraogallus caucasicus
Tibetan Snowcock,Tetraogallus tibetanus
Hazel Grouse,Tetrastes bonasia
Little Bustard,Tetrax tetrax
Black-browed Albatross,Thalassarche melanophris
Lesser Crested Tern,Thalasseus bengalensis
Great Crested Tern,Thalasseus bergii
Elegant Tern,Thalasseus elegans
Royal Tern,Thalasseus maximus
Sandwich Tern,Thalasseus sandvicensis
Crowned Woodnymph,Thalurania colombica
Fork-tailed Woodnymph,Thalurania furcata
Violet-capped Woodnymph,Thalurania glaucopis
Russet Antshrike,Thamnistes anabatinus
Mocking Cliff-Chat,Thamnolaea cinnamomeiventris
Dusky-throated Antshrike,Thamnomanes ardesiacus
Cinereous Antshrike,Thamnomanes caesius
Saturnine Antshrike,Thamnomanes saturninus
Bluish-slate Antshrike,Thamnomanes schistogynus
White-shouldered Antshrike,Thamnophilus aethiops
Amazonian Antshrike,Thamnophilus amazonicus
Sooretama Slaty-Antshrike,Thamnophilus ambiguus
Upland Antshrike,Thamnophilus aroyae
Black-crowned Antshrike,Thamnophilus atrinucha
Collared Antshrike,Thamnophilus bernardi
Black-hooded Antshrike,Thamnophilus bridgesi
Variable Antshrike,Thamnophilus caerulescens
Castelnau's Antshrike,Thamnophilus cryptoleucus
Barred Antshrike,Thamnophilus doliatus
Black-backed Antshrike,Thamnophilus melanonotus
Bar-crested Antshrike,Thamnophilus multistriatus
Mouse-colored Antshrike,Thamnophilus murinus
Black Antshrike,Thamnophilus nigriceps
Blackish-gray Antshrike,Thamnophilus nigrocinereus
Chestnut-backed Antshrike,Thamnophilus palliatus
Planalto Slaty-Antshrike,Thamnophilus pelzelni
Cocha Antshrike,Thamnophilus praecox
Northern Slaty-Antshrike,Thamnophilus punctatus
Rufous-capped Antshrike,Thamnophilus ruficapillus
Plain-winged Antshrike,Thamnophilus schistaceus
Natterer's Slaty-Antshrike,Thamnophilus stictocephalus
Bolivian Slaty-Antshrike,Thamnophilus sticturus
Lined Antshrike,Thamnophilus tenuepunctatus
Rufous-winged Antshrike,Thamnophilus torquatus
Uniform Antshrike,Thamnophilus unicolor
Chapman's Antshrike,Thamnophilus zarumae
Blue-crowned Parakeet,Thectocercus acuticaudatus
Plumbeous Ibis,Theristicus caerulescens
Buff-necked Ibis,Theristicus caudatus
Black-faced Ibis,Theristicus melanopis
Swamp Greenbul,Thescelocichla leucopleura
Gray-breasted Seedsnipe,Thinocorus orbignyianus
Least Seedsnipe,Thinocorus rumicivorus
Rufous-chested Tanager,Thlypopsis ornata
Chestnut-headed Tanager,Thlypopsis pyrrhocoma
Orange-headed Tanager,Thlypopsis sordida
Superciliaried Hemispingus,Thlypopsis superciliaris
Yellow-winged Tanager,Thraupis abbas
Azure-shouldered Tanager,Thraupis cyanoptera
Blue-gray Tanager,Thraupis episcopus
Golden-chevroned Tanager,Thraupis ornata
Palm Tanager,Thraupis palmarum
Sayaca Tanager,Thraupis sayaca
Pale-tailed Barbthroat,Threnetes leucurus
Band-tailed Barbthroat,Threnetes ruckeri
Black-headed Ibis,Threskiornis melanocephalus
Australian Ibis,Threskiornis molucca
Flammulated Treehunter,Thripadectes flammulatus
Striped Treehunter,Thripadectes holostictus
Uniform Treehunter,Thripadectes ignobilis
Black-billed Treehunter,Thripadectes melanorhynchus
Streak-breasted Treehunter,Thripadectes rufobrunneus
Rufous-backed Treehunter,Thripadectes scrutator
Streak-capped Treehunter,Thripadectes virgaticeps
Orinoco Softtail,Thripophaga cherriei
Plain Softtail,Thripophaga fusciceps
Striated Softtail,Thripophaga macroura
Bewick's Wren,Thryomanes bewickii
Niceforo's Wren,Thryophilus nicefori
Banded Wren,Thryophilus pleurostictus
Rufous-and-white Wren,Thryophilus rufalbus
Antioquia Wren,Thryophilus sernai
Sinaloa Wren,Thryophilus sinaloa
Carolina Wren,Thryothorus ludovicianus
Yellow-faced Grassquit,Tiaris olivaceus
Wallcreeper,Tichodroma muraria
Broad-billed Warbler,Tickellia hodgsoni
Rufescent Tiger-Heron,Tigrisoma lineatum
Bare-throated Tiger-Heron,Tigrisoma mexicanum
Chestnut-capped Babbler,Timalia pileata
Puna Tinamou,Tinamotis pentlandii
White-throated Tinamou,Tinamus guttatus
Great Tinamou,Tinamus major
Solitary Tinamou,Tinamus solitarius
Gray Tinamou,Tinamus tao
Black-tailed Tityra,Tityra cayana
Black-crowned Tityra,Tityra inquisitor
Masked Tityra,Tityra semifasciata
Von der Decken's Hornbill,Tockus deckeni
Northern Red-billed Hornbill,Tockus erythrorhynchus
Western Red-billed Hornbill,Tockus kempi
Southern Yellow-billed Hornbill,Tockus leucomelas
Southern Red-billed Hornbill,Tockus rufirostris
Cinnamon-banded Kingfisher,Todiramphus australasia
Collared Kingfisher,Todiramphus chloris
Sombre Kingfisher,Todiramphus funebris
Forest Kingfisher,Todiramphus macleayii
Pacific Kingfisher,Todiramphus sacer
Sacred Kingfisher,Todiramphus sanctus
Torresian Kingfisher,Todiramphus sordidus
Melanesian Kingfisher,Todiramphus tristrami
Rufous-lored Kingfisher,Todiramphus winchelli
Yellow-browed Tody-Flycatcher,Todirostrum chrysocrotaphum
Common Tody-Flycatcher,Todirostrum cinereum
Spotted Tody-Flycatcher,Todirostrum maculatum
Black-headed Tody-Flycatcher,Todirostrum nigriceps
Painted Tody-Flycatcher,Todirostrum pictum
Gray-headed Tody-Flycatcher,Todirostrum poliocephalum
Narrow-billed Tody,Todus angustirostris
Puerto Rican Tody,Todus mexicanus
Cuban Tody,Todus multicolor
Broad-billed Tody,Todus subulatus
Jamaican Tody,Todus todus
Yellow-margined Flycatcher,Tolmomyias assimilis
Yellow-breasted Flycatcher,Tolmomyias flaviventris
Gray-crowned Flycatcher,Tolmomyias poliocephalus
Yellow-olive Flycatcher,Tolmomyias sulphurescens
Orange-eyed Flycatcher,Tolmomyias traylori
Crimson Topaz,Topaza pella
Fiery Topaz,Topaza pyra
Zapata Sparrow,Torreornis inexpectata
Lilac-tailed Parrotlet,Touit batavicus
Blue-fronted Parrotlet,Touit dilectissimus
Scarlet-shouldered Parrotlet,Touit huetii
Brown-backed Parrotlet,Touit melanonotus
Sapphire-rumped Parrotlet,Touit purpuratus
Spot-winged Parrotlet,Touit stictopterus
Golden-tailed Parrotlet,Touit surdus
Yellow-bellied Longbill,Toxorhamphus novaeguineae
Bendire's Thrasher,Toxostoma bendirei
Gray Thrasher,Toxostoma cinereum
Crissal Thrasher,Toxostoma crissale
Curve-billed Thrasher,Toxostoma curvirostre
LeConte's Thrasher,Toxostoma lecontei
Long-billed Thrasher,Toxostoma longirostre
Ocellated Thrasher,Toxostoma ocellatum
California Thrasher,Toxostoma redivivum
Brown Thrasher,Toxostoma rufum
D'Arnaud's Barbet,Trachyphonus darnaudii
Red-and-yellow Barbet,Trachyphonus erythrocephalus
Yellow-billed Barbet,Trachyphonus purpuratus
Crested Barbet,Trachyphonus vaillantii
Pale-yellow Robin,Tregellasia capito
Gray-fronted Green-Pigeon,Treron affinis
Orange-breasted Green-Pigeon,Treron bicinctus
African Green-Pigeon,Treron calvus
Thick-billed Green-Pigeon,Treron curvirostra
Whistling Green-Pigeon,Treron formosae
Cinnamon-headed Green-Pigeon,Treron fulvicollis
Little Green-Pigeon,Treron olax
Ashy-headed Green-Pigeon,Treron phayrei
Yellow-footed Green-Pigeon,Treron phoenicopterus
White-bellied Green-Pigeon,Treron sieboldii
Wedge-tailed Green-Pigeon,Treron sphenurus
Pink-necked Green-Pigeon,Treron vernans
Tasmanian Nativehen,Tribonyx mortierii
Black-tailed Nativehen,Tribonyx ventralis
Scaly-breasted Lorikeet,Trichoglossus chlorolepidotus
Coconut Lorikeet,Trichoglossus haematodus
Rainbow Lorikeet,Trichoglossus moluccanus
Red-collared Lorikeet,Trichoglossus rubritorquis
Red-fronted Barbet,Tricholaema diademata
Hairy-breasted Barbet,Tricholaema hirsuta
Spot-flanked Barbet,Tricholaema lacrymosa
Pied Barbet,Tricholaema leucomelas
Black-throated Barbet,Tricholaema melanocephala
Hairy-backed Bulbul,Tricholestes criniger
Black-goggled Tanager,Trichothraupis melanops
Blue-bellied Parrot,Triclaria malachitacea
Gray-tailed Tattler,Tringa brevipes
Spotted Redshank,Tringa erythropus
Lesser Yellowlegs,Tringa flavipes
Wood Sandpiper,Tringa glareola
Nordmann's Greenshank,Tringa guttifer
Wandering Tattler,Tringa incana
Greater Yellowlegs,Tringa melanoleuca
Common Greenshank,Tringa nebularia
Green Sandpiper,Tringa ochropus
Willet,Tringa semipalmata
Solitary Sandpiper,Tringa solitaria
Marsh Sandpiper,Tringa stagnatilis
Common Redshank,Tringa totanus
Black-faced Laughingthrush,Trochalopteron affine
Assam Laughingthrush,Trochalopteron chrysopterum
Elliot's Laughingthrush,Trochalopteron elliotii
Chestnut-crowned Laughingthrush,Trochalopteron erythrocephalum
Prince Henry's Laughingthrush,Trochalopteron henrici
Bhutan Laughingthrush,Trochalopteron imbricatum
Streaked Laughingthrush,Trochalopteron lineatum
Silver-eared Laughingthrush,Trochalopteron melanostigma
Red-tailed Laughingthrush,Trochalopteron milnei
White-whiskered Laughingthrush,Trochalopteron morrisonianum
Malayan Laughingthrush,Trochalopteron peninsulae
Blue-winged Laughingthrush,Trochalopteron squamatum
Scaly Laughingthrush,Trochalopteron subunicolor
Variegated Laughingthrush,Trochalopteron variegatum
Striped Laughingthrush,Trochalopteron virgatum
African Crested-Flycatcher,Trochocercus cyanomelas
Blue-headed Crested-Flycatcher,Trochocercus nitens
House Wren,Troglodytes aedon
Winter Wren,Troglodytes hiemalis
Ochraceous Wren,Troglodytes ochraceus
Pacific Wren,Troglodytes pacificus
Rufous-browed Wren,Troglodytes rufociliatus
Mountain Wren,Troglodytes solstitialis
Eurasian Wren,Troglodytes troglodytes
Baird's Trogon,Trogon bairdii
Gartered Trogon,Trogon caligatus
White-tailed Trogon,Trogon chionurus
Citreoline Trogon,Trogon citreolus
Lattice-tailed Trogon,Trogon clathratus
Collared Trogon,Trogon collaris
Blue-tailed Trogon,Trogon comptus
Blue-crowned Trogon,Trogon curucui
Elegant Trogon,Trogon elegans
Slaty-tailed Trogon,Trogon massena
Black-headed Trogon,Trogon melanocephalus
Black-tailed Trogon,Trogon melanurus
Ecuadorian Trogon,Trogon mesurus
Mountain Trogon,Trogon mexicanus
Masked Trogon,Trogon personatus
Amazonian Trogon,Trogon ramonianus
Black-throated Trogon,Trogon rufus
Surucua Trogon,Trogon surrucura
Guianan Trogon,Trogon violaceus
Green-backed Trogon,Trogon viridis
Scaly-breasted Partridge,Tropicoperdix chloropus
Tumbes Tyrant,Tumbezia salvini
Tawny-crowned Greenlet,Tunchiornis ochraceiceps
Black-throated Wren-Babbler,Turdinus atrigularis
Large Wren-Babbler,Turdinus macrodactylus
Marbled Wren-Babbler,Turdinus marmoratus
Hartlaub's Babbler,Turdoides hartlaubii
Arrow-marked Babbler,Turdoides jardineii
White-rumped Babbler,Turdoides leucopygia
Brown Babbler,Turdoides plebejus
Blackcap Babbler,Turdoides reinwardtii
Black-lored Babbler,Turdoides sharpei
Abyssinian Thrush,Turdus abyssinicus
White-necked Thrush,Turdus albicollis
White-collared Blackbird,Turdus albocinctus
Creamy-bellied Thrush,Turdus amaurochalinus
White-throated Thrush,Turdus assimilis
Black-throated Thrush,Turdus atrogularis
White-chinned Thrush,Turdus aurantius
Gray-winged Blackbird,Turdus boulboul
Japanese Thrush,Turdus cardis
Izu Thrush,Turdus celaenops
Chiguanco Thrush,Turdus chiguanco
Brown-headed Thrush,Turdus chrysolaus
Black-breasted Thrush,Turdus dissimilis
Dusky Thrush,Turdus eunomus
Austral Thrush,Turdus falcklandii
Gray-sided Thrush,Turdus feae
Yellow-legged Thrush,Turdus flavipes
Chestnut-bellied Thrush,Turdus fulviventris
Cocoa Thrush,Turdus fumigatus
Great Thrush,Turdus fuscater
Clay-colored Thrush,Turdus grayi
Hauxwell's Thrush,Turdus hauxwelli
Gray-backed Thrush,Turdus hortulorum
Black-billed Thrush,Turdus ignobilis
Redwing,Turdus iliacus
Black Thrush,Turdus infuscatus
Lawrence's Thrush,Turdus lawrencii
Pale-breasted Thrush,Turdus leucomelas
Pale-eyed Thrush,Turdus leucops
Kurrichane Thrush,Turdus libonyana
Ecuadorian Thrush,Turdus maculirostris
Chinese Blackbird,Turdus mandarinus
Marañon Thrush,Turdus maranonicus
Yemen Thrush,Turdus menachensis
Eurasian Blackbird,Turdus merula
American Robin,Turdus migratorius
Naumann's Thrush,Turdus naumanni
Sooty Thrush,Turdus nigrescens
Andean Slaty Thrush,Turdus nigriceps
Spectacled Thrush,Turdus nudigenis
Eyebrowed Thrush,Turdus obscurus
Pale-vented Thrush,Turdus obsoletus
Olive Thrush,Turdus olivaceus
Black-hooded Thrush,Turdus olivater
Pale Thrush,Turdus pallidus
African Thrush,Turdus pelios
Song Thrush,Turdus philomelos
Fieldfare,Turdus pilaris
Mountain Thrush,Turdus plebejus
Red-legged Thrush,Turdus plumbeus
Island Thrush,Turdus poliocephalus
Plumbeous-backed Thrush,Turdus reevei
Chestnut Thrush,Turdus rubrocanus
Red-throated Thrush,Turdus ruficollis
Rufous-collared Robin,Turdus rufitorques
Rufous-bellied Thrush,Turdus rufiventris
Rufous-backed Robin,Turdus rufopalliatus
Varzea Thrush,Turdus sanchezorum
Glossy-black Thrush,Turdus serranus
Indian Blackbird,Turdus simillimus
Karoo Thrush,Turdus smithi
Blacksmith Thrush,Turdus subalaris
La Selle Thrush,Turdus swalesi
African Bare-eyed Thrush,Turdus tephronotus
Ring Ouzel,Turdus torquatus
Tickell's Thrush,Turdus unicolor
Mistle Thrush,Turdus viscivorus
Red-backed Buttonquail,Turnix maculosus
Barred Buttonquail,Turnix suscitator
Small Buttonquail,Turnix sylvaticus
Painted Buttonquail,Turnix varius
Black-billed Wood-Dove,Turtur abyssinicus
Blue-spotted Wood-Dove,Turtur afer
Blue-headed Wood-Dove,Turtur brehmeri
Emerald-spotted Wood-Dove,Turtur chalcospilos
Tambourine Dove,Turtur tympanistria
Tylas Vanga,Tylas eduardi
Greater Prairie-Chicken,Tympanuchus cupido
Lesser Prairie-Chicken,Tympanuchus pallidicinctus
Sharp-tailed Grouse,Tympanuchus phasianellus
Dwarf Tyrant-Manakin,Tyranneutes stolzmanni
Tiny Tyrant-Manakin,Tyranneutes virescens
Sulphury Flycatcher,Tyrannopsis sulphurea
Yellow-crowned Tyrannulet,Tyrannulus elatus
White-throated Kingbird,Tyrannus albogularis
Loggerhead Kingbird,Tyrannus caudifasciatus
Couch's Kingbird,Tyrannus couchii
Thick-billed Kingbird,Tyrannus crassirostris
Gray Kingbird,Tyrannus dominicensis
Scissor-tailed Flycatcher,Tyrannus forficatus
Tropical Kingbird,Tyrannus melancholicus
Snowy-throated Kingbird,Tyrannus niveigularis
Fork-tailed Flycatcher,Tyrannus savana
Eastern Kingbird,Tyrannus tyrannus
Western Kingbird,Tyrannus verticalis
Cassin's Kingbird,Tyrannus vociferans
Barn Owl,Tyto alba
Australian Masked-Owl,Tyto novaehollandiae
Sooty Owl,Tyto tenebricosa
Scale-throated Earthcreeper,Upucerthia dumetaria
Patagonian Forest Earthcreeper,Upucerthia saturatior
Buff-breasted Earthcreeper,Upucerthia validirostris
Eurasian Hoopoe,Upupa epops
Madagascar Hoopoe,Upupa marginata
Southern Cordonbleu,Uraeginthus angolensis
Red-cheeked Cordonbleu,Uraeginthus bengalus
Andean Emerald,Uranomitra franciae
Common Murre,Uria aalge
Thick-billed Murre,Uria lomvia
Taiwan Blue-Magpie,Urocissa caerulea
Red-billed Blue-Magpie,Urocissa erythroryncha
Yellow-billed Blue-Magpie,Urocissa flavirostris
Sri Lanka Blue-Magpie,Urocissa ornata
Red-faced Mousebird,Urocolius indicus
Blue-naped Mousebird,Urocolius macrourus
Przevalski's Pinktail,Urocynchramus pylzowi
Long-tailed Koel,Urodynamis taitensis
Agile Tit-Tyrant,Uromyias agilis
Unstreaked Tit-Tyrant,Uromyias agraphia
Lyre-tailed Nightjar,Uropsalis lyra
Swallow-tailed Nightjar,Uropsalis segmentata
White-bellied Wren,Uropsila leucogastra
Pale-footed Bush Warbler,Urosphena pallidipes
Asian Stubtail,Urosphena squameiceps
Timor Stubtail,Urosphena subulata
Bornean Stubtail,Urosphena whiteheadi
Black-backed Bush Tanager,Urothraupis stolzmanni
Long-tailed Hawk,Urotriorchis macrourus
Blacksmith Lapwing,Vanellus armatus
Pied Lapwing,Vanellus cayanus
Southern Lapwing,Vanellus chilensis
Gray-headed Lapwing,Vanellus cinereus
Crowned Lapwing,Vanellus coronatus
River Lapwing,Vanellus duvaucelii
Red-wattled Lapwing,Vanellus indicus
White-tailed Lapwing,Vanellus leucurus
Yellow-wattled Lapwing,Vanellus malabaricus
Spot-breasted Lapwing,Vanellus melanocephalus
Black-winged Lapwing,Vanellus melanopterus
Masked Lapwing,Vanellus miles
Andean Lapwing,Vanellus resplendens
Wattled Lapwing,Vanellus senegallus
Spur-winged Lapwing,Vanellus spinosus
Black-headed Lapwing,Vanellus tectus
Banded Lapwing,Vanellus tricolor
Northern Lapwing,Vanellus vanellus
Hook-billed Vanga,Vanga curvirostris
Golden-winged Warbler,Vermivora chrysoptera
Blue-winged Warbler,Vermivora cyanoptera
Village Indigobird,Vidua chalybeata
Straw-tailed Whydah,Vidua fischeri
Variable Indigobird,Vidua funerea
Pin-tailed Whydah,Vidua macroura
Black-whiskered Vireo,Vireo altiloquus
Black-capped Vireo,Vireo atricapilla
Cozumel Vireo,Vireo bairdi
Bell's Vireo,Vireo bellii
Slaty Vireo,Vireo brevipennis
Yellow-winged Vireo,Vireo carmioli
Cassin's Vireo,Vireo cassinii
Chivi Vireo,Vireo chivi
Thick-billed Vireo,Vireo crassirostris
Yellow-throated Vireo,Vireo flavifrons
Yellow-green Vireo,Vireo flavoviridis
Warbling Vireo,Vireo gilvus
Noronha Vireo,Vireo gracilirostris
White-eyed Vireo,Vireo griseus
Cuban Vireo,Vireo gundlachii
Hutton's Vireo,Vireo huttoni
Golden Vireo,Vireo hypochryseus
Puerto Rican Vireo,Vireo latimeri
Brown-capped Vireo,Vireo leucophrys
Yucatan Vireo,Vireo magister
Choco Vireo,Vireo masteri
Jamaican Vireo,Vireo modestus
Dwarf Vireo,Vireo nelsoni
Red-eyed Vireo,Vireo olivaceus
Mangrove Vireo,Vireo pallens
Philadelphia Vireo,Vireo philadelphicus
Plumbeous Vireo,Vireo plumbeus
Tepui Vireo,Vireo sclateri
Blue-headed Vireo,Vireo solitarius
Gray Vireo,Vireo vicinior
Yellow-browed Shrike-Vireo,Vireolanius eximius
Slaty-capped Shrike-Vireo,Vireolanius leucotis
Chestnut-sided Shrike-Vireo,Vireolanius melitophrys
Green Shrike-Vireo,Vireolanius pulchellus
Blue-black Grassquit,Volatinia jacarina
Orange-throated Tanager,Wetmorethraupis sterrhopteron
Common Scale-backed Antbird,Willisornis poecilinotus
Xingu Scale-backed Antbird,Willisornis vidua
Yellow-headed Blackbird,Xanthocephalus xanthocephalus
Spectacled Tetraka,Xanthomixis zosterops
Saffron-cowled Blackbird,Xanthopsar flavus
Macleay's Honeyeater,Xanthotis macleayanus
Sabine's Gull,Xema sabini
Equatorial Graytail,Xenerpestes singularis
Tit-like Dacnis,Xenodacnis parina
Long-whiskered Owlet,Xenoglaux loweryi
Black Manakin,Xenopipo atronitens
Van Dam's Vanga,Xenopirostris damii
Pollen's Vanga,Xenopirostris polleni
Plain Xenops,Xenops minutus
Streaked Xenops,Xenops rutilans
Slender-billed Xenops,Xenops tenuirostris
White-naped Xenopsaris,Xenopsaris albinucha
Sierra Madre Sparrow,Xenospiza baileyi
Belted Flycatcher,Xenotriccus callizonus
Pileated Flycatcher,Xenotriccus mexicanus
Terek Sandpiper,Xenus cinereus
Cuban Green Woodpecker,Xiphidiopicus percussus
White-throated Woodcreeper,Xiphocolaptes albicollis
Great Rufous Woodcreeper,Xiphocolaptes major
Strong-billed Woodcreeper,Xiphocolaptes promeropirhynchus
Pompadour Cotinga,Xipholena punicea
Elegant Woodcreeper,Xiphorhynchus elegans
Spotted Woodcreeper,Xiphorhynchus erythropygius
Ivory-billed Woodcreeper,Xiphorhynchus flavigaster
Lesser Woodcreeper,Xiphorhynchus fuscus
Buff-throated Woodcreeper,Xiphorhynchus guttatus
Black-striped Woodcreeper,Xiphorhynchus lachrymosus
Striped Woodcreeper,Xiphorhynchus obsoletus
Ocellated Woodcreeper,Xiphorhynchus ocellatus
Chestnut-rumped Woodcreeper,Xiphorhynchus pardalotus
Spix's Woodcreeper,Xiphorhynchus spixii
Cocoa Woodcreeper,Xiphorhynchus susurrans
Olive-backed Woodcreeper,Xiphorhynchus triangularis
White Monjita,Xolmis irupero
Taiwan Yuhina,Yuhina brunneiceps
Whiskered Yuhina,Yuhina flavicollis
Stripe-throated Yuhina,Yuhina gularis
Black-chinned Yuhina,Yuhina nigrimenta
Rufous-vented Yuhina,Yuhina occipitalis
Gray-capped Pygmy Woodpecker,Yungipicus canicapillus
Japanese Pygmy Woodpecker,Yungipicus kizuki
Sunda Pygmy Woodpecker,Yungipicus moluccensis
Brown-capped Pygmy Woodpecker,Yungipicus nanus
Black-tailed Crake,Zapornia bicolor
Black Crake,Zapornia flavirostra
Ruddy-breasted Crake,Zapornia fusca
Little Crake,Zapornia parva
Band-bellied Crake,Zapornia paykullii
Baillon's Crake,Zapornia pusilla
Spotless Crake,Zapornia tabuensis
Stresemann's Bush-Crow,Zavattariornis stresemanni
Zigzag Heron,Zebrilus undulatus
Wrenthrush,Zeledonia coronata
White-winged Dove,Zenaida asiatica
Eared Dove,Zenaida auriculata
Zenaida Dove,Zenaida aurita
Mourning Dove,Zenaida macroura
West Peruvian Dove,Zenaida meloda
White-faced Quail-Dove,Zentrygon albifacies
Tuxtla Quail-Dove,Zentrygon carrikeri
White-throated Quail-Dove,Zentrygon frenata
Russet-crowned Quail-Dove,Zentrygon goldmani
Purplish-backed Quail-Dove,Zentrygon lawrencii
Lined Quail-Dove,Zentrygon linearis
Guianan Tyrannulet,Zimmerius acer
Choco Tyrannulet,Zimmerius albigularis
Bolivian Tyrannulet,Zimmerius bolivianus
Golden-faced Tyrannulet,Zimmerius chrysops
Red-billed Tyrannulet,Zimmerius cinereicapilla
Slender-footed Tyrannulet,Zimmerius gracilipes
Mistletoe Tyrannulet,Zimmerius parvus
Guatemalan Tyrannulet,Zimmerius vilissimus
Mishana Tyrannulet,Zimmerius villarejoi
Peruvian Tyrannulet,Zimmerius viridiflavus
White-throated Sparrow,Zonotrichia albicollis
Golden-crowned Sparrow,Zonotrichia atricapilla
Rufous-collared Sparrow,Zonotrichia capensis
White-crowned Sparrow,Zonotrichia leucophrys
Harris's Sparrow,Zonotrichia querula
White's Thrush,Zoothera aurea
Russet-tailed Thrush,Zoothera heinei
Bassian Thrush,Zoothera lunulata
Amami Thrush,Zoothera major
Abyssinian White-eye,Zosterops abyssinicus
Southern Yellow White-eye,Zosterops anderssoni
Black-capped White-eye,Zosterops atricapilla
Cream-throated White-eye,Zosterops atriceps
Black-crowned White-eye,Zosterops atrifrons
Hume's White-eye,Zosterops auriventer
Sri Lanka White-eye,Zosterops ceylonensis
Mauritius White-eye,Zosterops chloronothos
Ashy-bellied White-eye,Zosterops citrinella
Chestnut-flanked White-eye,Zosterops erythropleurus
Kilimanjaro White-eye,Zosterops eurycricotus
Everett's White-eye,Zosterops everetti
Yellow-fronted White-eye,Zosterops flavifrons
Pale White-eye,Zosterops flavilateralis
Warbling White-eye,Zosterops japonicus
Silvereye,Zosterops lateralis
Australian Yellow White-eye,Zosterops luteus
Malagasy White-eye,Zosterops maderaspatanus
Mauritius Gray White-eye,Zosterops mauritianus
Yellow-throated White-eye,Zosterops metcalfii
Lowland White-eye,Zosterops meyeni
Orange River White-eye,Zosterops pallidus
Indian White-eye,Zosterops palpebrosus
Northern Yellow White-eye,Zosterops senegalensis
Swinhoe's White-eye,Zosterops simplex
Cape White-eye,Zosterops virens
